inventory_file,plot_id,laz_file
ANA_A01_2015_2018_inventory_plots,1,ANA_A01_2017_laz_11.laz
ANA_A01_2015_2018_inventory_plots,10,ANA_A01_2017_laz_0.laz
ANA_A01_2015_2018_inventory_plots,10,ANA_A01_2018_LAS_9.laz
ANA_A01_2015_2018_inventory_plots,11,ANA_A01_2017_laz_0.laz
ANA_A01_2015_2018_inventory_plots,11,ANA_A01_2018_LAS_9.laz
ANA_A01_2015_2018_inventory_plots,12,ANA_A01_2017_laz_0.laz
ANA_A01_2015_2018_inventory_plots,13,ANA_A01_2018_LAS_7.laz
ANA_A01_2015_2018_inventory_plots,14,ANA_A01_2018_LAS_7.laz
ANA_A01_2015_2018_inventory_plots,15,ANA_A01_2018_LAS_7.laz
ANA_A01_2015_2018_inventory_plots,16,ANA_A01_2017_laz_0.laz
ANA_A01_2015_2018_inventory_plots,16,ANA_A01_2018_LAS_7.laz
ANA_A01_2015_2018_inventory_plots,17,ANA_A01_2018_LAS_6.laz
ANA_A01_2015_2018_inventory_plots,18,ANA_A01_2018_LAS_6.laz
ANA_A01_2015_2018_inventory_plots,19,ANA_A01_2018_LAS_6.laz
ANA_A01_2015_2018_inventory_plots,2,ANA_A01_2017_laz_11.laz
ANA_A01_2015_2018_inventory_plots,20,ANA_A01_2018_LAS_6.laz
ANA_A01_2015_2018_inventory_plots,21,ANA_A01_2018_LAS_6.laz
ANA_A01_2015_2018_inventory_plots,22,ANA_A01_2018_LAS_6.laz
ANA_A01_2015_2018_inventory_plots,24,ANA_A01_2018_LAS_3.laz
ANA_A01_2015_2018_inventory_plots,25,ANA_A01_2017_laz_1.laz
ANA_A01_2015_2018_inventory_plots,25,ANA_A01_2018_LAS_5.laz
ANA_A01_2015_2018_inventory_plots,26,ANA_A01_2017_laz_1.laz
ANA_A01_2015_2018_inventory_plots,26,ANA_A01_2018_LAS_5.laz
ANA_A01_2015_2018_inventory_plots,27,ANA_A01_2017_laz_1.laz
ANA_A01_2015_2018_inventory_plots,27,ANA_A01_2018_LAS_5.laz
ANA_A01_2015_2018_inventory_plots,28,ANA_A01_2017_laz_5.laz
ANA_A01_2015_2018_inventory_plots,28,ANA_A01_2018_LAS_5.laz
ANA_A01_2015_2018_inventory_plots,3,ANA_A01_2017_laz_11.laz
ANA_A01_2015_2018_inventory_plots,3,ANA_A01_2018_LAS_9.laz
ANA_A01_2015_2018_inventory_plots,32,ANA_A01_2017_laz_9.laz
ANA_A01_2015_2018_inventory_plots,4,ANA_A01_2017_laz_11.laz
ANA_A01_2015_2018_inventory_plots,4,ANA_A01_2018_LAS_9.laz
ANA_A01_2015_2018_inventory_plots,5,ANA_A01_2017_laz_0.laz
ANA_A01_2015_2018_inventory_plots,5,ANA_A01_2018_LAS_9.laz
ANA_A01_2015_2018_inventory_plots,6,ANA_A01_2017_laz_0.laz
ANA_A01_2015_2018_inventory_plots,7,ANA_A01_2018_LAS_6.laz
ANA_A01_2015_2018_inventory_plots,8,ANA_A01_2018_LAS_6.laz
ANA_A01_2015_2018_inventory_plots,9,ANA_A01_2017_laz_0.laz
ANA_A01_2015_2018_inventory_plots,9,ANA_A01_2018_LAS_9.laz
AND_A01_2013_2018_inventory_plots,1,AND_A01_2013_laz_11.laz
AND_A01_2013_2018_inventory_plots,1,AND_A01_2013_laz_optional_3.laz
AND_A01_2013_2018_inventory_plots,1,AND_A01_2017_LAS_7.laz
AND_A01_2013_2018_inventory_plots,10,AND_A01_2013_laz_1.laz
AND_A01_2013_2018_inventory_plots,10,AND_A01_2013_laz_optional_7.laz
AND_A01_2013_2018_inventory_plots,10,AND_A01_2017_LAS_11.laz
AND_A01_2013_2018_inventory_plots,11,AND_A01_2013_laz_1.laz
AND_A01_2013_2018_inventory_plots,11,AND_A01_2013_laz_optional_7.laz
AND_A01_2013_2018_inventory_plots,11,AND_A01_2017_LAS_11.laz
AND_A01_2013_2018_inventory_plots,12,AND_A01_2013_laz_1.laz
AND_A01_2013_2018_inventory_plots,12,AND_A01_2013_laz_optional_7.laz
AND_A01_2013_2018_inventory_plots,12,AND_A01_2017_LAS_11.laz
AND_A01_2013_2018_inventory_plots,13,AND_A01_2013_laz_2.laz
AND_A01_2013_2018_inventory_plots,13,AND_A01_2013_laz_optional_14.laz
AND_A01_2013_2018_inventory_plots,13,AND_A01_2017_LAS_6.laz
AND_A01_2013_2018_inventory_plots,15,AND_A01_2013_laz_1.laz
AND_A01_2013_2018_inventory_plots,15,AND_A01_2013_laz_optional_7.laz
AND_A01_2013_2018_inventory_plots,15,AND_A01_2017_LAS_11.laz
AND_A01_2013_2018_inventory_plots,16,AND_A01_2013_laz_1.laz
AND_A01_2013_2018_inventory_plots,16,AND_A01_2013_laz_optional_7.laz
AND_A01_2013_2018_inventory_plots,16,AND_A01_2017_LAS_11.laz
AND_A01_2013_2018_inventory_plots,17,AND_A01_2013_laz_2.laz
AND_A01_2013_2018_inventory_plots,17,AND_A01_2013_laz_optional_14.laz
AND_A01_2013_2018_inventory_plots,17,AND_A01_2017_LAS_6.laz
AND_A01_2013_2018_inventory_plots,18,AND_A01_2013_laz_2.laz
AND_A01_2013_2018_inventory_plots,18,AND_A01_2013_laz_optional_14.laz
AND_A01_2013_2018_inventory_plots,18,AND_A01_2017_LAS_6.laz
AND_A01_2013_2018_inventory_plots,19,AND_A01_2013_laz_2.laz
AND_A01_2013_2018_inventory_plots,19,AND_A01_2013_laz_optional_14.laz
AND_A01_2013_2018_inventory_plots,19,AND_A01_2017_LAS_6.laz
AND_A01_2013_2018_inventory_plots,2,AND_A01_2013_laz_11.laz
AND_A01_2013_2018_inventory_plots,2,AND_A01_2013_laz_optional_3.laz
AND_A01_2013_2018_inventory_plots,2,AND_A01_2017_LAS_7.laz
AND_A01_2013_2018_inventory_plots,20,AND_A01_2013_laz_2.laz
AND_A01_2013_2018_inventory_plots,20,AND_A01_2013_laz_optional_14.laz
AND_A01_2013_2018_inventory_plots,20,AND_A01_2017_LAS_6.laz
AND_A01_2013_2018_inventory_plots,3,AND_A01_2013_laz_1.laz
AND_A01_2013_2018_inventory_plots,3,AND_A01_2013_laz_optional_7.laz
AND_A01_2013_2018_inventory_plots,3,AND_A01_2017_LAS_11.laz
AND_A01_2013_2018_inventory_plots,4,AND_A01_2013_laz_1.laz
AND_A01_2013_2018_inventory_plots,4,AND_A01_2013_laz_optional_7.laz
AND_A01_2013_2018_inventory_plots,4,AND_A01_2017_LAS_11.laz
AND_A01_2013_2018_inventory_plots,5,AND_A01_2013_laz_11.laz
AND_A01_2013_2018_inventory_plots,5,AND_A01_2013_laz_optional_3.laz
AND_A01_2013_2018_inventory_plots,5,AND_A01_2017_LAS_7.laz
AND_A01_2013_2018_inventory_plots,7,AND_A01_2013_laz_1.laz
AND_A01_2013_2018_inventory_plots,7,AND_A01_2013_laz_optional_7.laz
AND_A01_2013_2018_inventory_plots,7,AND_A01_2017_LAS_11.laz
AND_A01_2013_2018_inventory_plots,8,AND_A01_2013_laz_1.laz
AND_A01_2013_2018_inventory_plots,8,AND_A01_2013_laz_optional_7.laz
AND_A01_2013_2018_inventory_plots,8,AND_A01_2017_LAS_11.laz
AND_A01_2013_2018_inventory_plots,9,AND_A01_2013_laz_11.laz
AND_A01_2013_2018_inventory_plots,9,AND_A01_2013_laz_optional_3.laz
AND_A01_2013_2018_inventory_plots,9,AND_A01_2017_LAS_7.laz
CAU_A01_2014_2018_inventory,T01,CAU_A01_2012_laz_1.laz
CAU_A01_2014_2018_inventory,T01,CAU_A01_2014_laz_1.laz
CAU_A01_2014_2018_inventory,T02,CAU_A01_2012_laz_18.laz
CAU_A01_2014_2018_inventory,T02,CAU_A01_2014_laz_18.laz
CAU_A01_2014_2018_inventory,T02,CAU_A01_2012_laz_19.laz
CAU_A01_2014_2018_inventory,T02,CAU_A01_2014_laz_19.laz
CAU_A01_2014_2018_inventory,T03,CAU_A01_2012_laz_17.laz
CAU_A01_2014_2018_inventory,T03,CAU_A01_2014_laz_17.laz
CAU_A01_2014_2018_inventory,T03,CAU_A01_2012_laz_0.laz
CAU_A01_2014_2018_inventory,T03,CAU_A01_2014_laz_0.laz
CAU_A01_2014_2018_inventory,T04,CAU_A01_2012_laz_17.laz
CAU_A01_2014_2018_inventory,T04,CAU_A01_2014_laz_17.laz
CAU_A01_2014_2018_inventory,T04,CAU_A01_2012_laz_0.laz
CAU_A01_2014_2018_inventory,T04,CAU_A01_2014_laz_0.laz
CAU_A01_2014_2018_inventory,T05,CAU_A01_2012_laz_17.laz
CAU_A01_2014_2018_inventory,T05,CAU_A01_2014_laz_17.laz
CAU_A01_2014_2018_inventory,T05,CAU_A01_2012_laz_10.laz
CAU_A01_2014_2018_inventory,T05,CAU_A01_2014_laz_10.laz
CAU_A01_2014_2018_inventory,T06,CAU_A01_2012_laz_3.laz
CAU_A01_2014_2018_inventory,T06,CAU_A01_2014_laz_3.laz
CAU_A01_2014_2018_inventory,T07,CAU_A01_2012_laz_18.laz
CAU_A01_2014_2018_inventory,T07,CAU_A01_2014_laz_18.laz
CAU_A01_2014_2018_inventory,T07,CAU_A01_2012_laz_15.laz
CAU_A01_2014_2018_inventory,T07,CAU_A01_2014_laz_14.laz
CAU_A01_2014_2018_inventory,T08,CAU_A01_2012_laz_15.laz
CAU_A01_2014_2018_inventory,T08,CAU_A01_2014_laz_14.laz
CAU_A01_2014_2018_inventory,T08,CAU_A01_2012_laz_18.laz
CAU_A01_2014_2018_inventory,T08,CAU_A01_2014_laz_18.laz
CAU_A01_2014_2018_inventory,T09,CAU_A01_2012_laz_6.laz
CAU_A01_2014_2018_inventory,T09,CAU_A01_2014_laz_7.laz
CAU_A01_2014_2018_inventory,T09,CAU_A01_2012_laz_3.laz
CAU_A01_2014_2018_inventory,T09,CAU_A01_2014_laz_3.laz
CAU_A01_2014_2018_inventory,T10,CAU_A01_2012_laz_12.laz
CAU_A01_2014_2018_inventory,T10,CAU_A01_2014_laz_13.laz
CAU_A01_2014_2018_inventory,T10,CAU_A01_2012_laz_13.laz
CAU_A01_2014_2018_inventory,T10,CAU_A01_2014_laz_12.laz
CAU_A01_2014_2018_inventory,T11,CAU_A01_2012_laz_15.laz
CAU_A01_2014_2018_inventory,T11,CAU_A01_2014_laz_14.laz
CAU_A01_2014_2018_inventory,T12,CAU_A01_2012_laz_1.laz
CAU_A01_2014_2018_inventory,T12,CAU_A01_2014_laz_1.laz
CAU_A01_2014_2018_inventory,T12,CAU_A01_2012_laz_4.laz
CAU_A01_2014_2018_inventory,T12,CAU_A01_2014_laz_4.laz
CAU_A01_2014_2018_inventory,T13,CAU_A01_2012_laz_0.laz
CAU_A01_2014_2018_inventory,T13,CAU_A01_2014_laz_0.laz
CAU_A01_2014_2018_inventory,T13,CAU_A01_2012_laz_1.laz
CAU_A01_2014_2018_inventory,T13,CAU_A01_2014_laz_1.laz
CAU_A01_2014_2018_inventory,T14,CAU_A01_2012_laz_0.laz
CAU_A01_2014_2018_inventory,T14,CAU_A01_2014_laz_0.laz
CAU_A01_2014_2018_inventory,T15,CAU_A01_2012_laz_3.laz
CAU_A01_2014_2018_inventory,T15,CAU_A01_2014_laz_3.laz
CAU_A01_2014_2018_inventory,T16,CAU_A01_2012_laz_17.laz
CAU_A01_2014_2018_inventory,T16,CAU_A01_2014_laz_17.laz
CAU_A01_2014_2018_inventory,T17,CAU_A01_2012_laz_3.laz
CAU_A01_2014_2018_inventory,T17,CAU_A01_2014_laz_3.laz
CAU_A01_2014_2018_inventory,T17,CAU_A01_2012_laz_17.laz
CAU_A01_2014_2018_inventory,T17,CAU_A01_2014_laz_17.laz
CAU_A01_2014_2018_inventory,T18,CAU_A01_2012_laz_15.laz
CAU_A01_2014_2018_inventory,T18,CAU_A01_2014_laz_14.laz
CAU_A01_2014_2018_inventory,T19,CAU_A01_2012_laz_15.laz
CAU_A01_2014_2018_inventory,T19,CAU_A01_2014_laz_14.laz
CAU_A01_2014_2018_inventory,T20,CAU_A01_2012_laz_6.laz
CAU_A01_2014_2018_inventory,T20,CAU_A01_2014_laz_7.laz
CAU_A01_2014_2018_inventory,T21,CAU_A01_2012_laz_12.laz
CAU_A01_2014_2018_inventory,T21,CAU_A01_2014_laz_13.laz
CAU_A01_2014_2018_inventory,T21,CAU_A01_2012_laz_13.laz
CAU_A01_2014_2018_inventory,T21,CAU_A01_2014_laz_12.laz
CAU_A01_2014_2018_inventory,T22,CAU_A01_2012_laz_6.laz
CAU_A01_2014_2018_inventory,T22,CAU_A01_2014_laz_7.laz
CAU_A01_2014_2018_inventory,T22,CAU_A01_2012_laz_15.laz
CAU_A01_2014_2018_inventory,T22,CAU_A01_2014_laz_14.laz
DUC_A01_2009_2011_inventory_plots,T01,DUC_A01_2008_laz_8.laz
DUC_A01_2009_2011_inventory_plots,T01,DUC_A01_2017_LAS_19.laz
DUC_A01_2009_2011_inventory_plots,T02,DUC_A01_2008_laz_13.laz
DUC_A01_2009_2011_inventory_plots,T02,DUC_A01_2017_LAS_14.laz
DUC_A01_2009_2011_inventory_plots,T03,DUC_A01_2008_laz_9.laz
DUC_A01_2009_2011_inventory_plots,T04,DUC_A01_2008_laz_3.laz
DUC_A01_2009_2011_inventory_plots,T05,DUC_A01_2008_laz_6.laz
DUC_A01_2016_inventory_plots, P19,DUC_A01_2008_laz_11.laz
DUC_A01_2016_inventory_plots, P19,DUC_A01_2017_LAS_10.laz
DUC_A01_2016_inventory_plots,P02,DUC_A01_2008_laz_8.laz
DUC_A01_2016_inventory_plots,P02,DUC_A01_2017_LAS_19.laz
DUC_A01_2016_inventory_plots,P04,DUC_A01_2008_laz_12.laz
DUC_A01_2016_inventory_plots,P04,DUC_A01_2017_LAS_18.laz
DUC_A01_2016_inventory_plots,P05,DUC_A01_2008_laz_12.laz
DUC_A01_2016_inventory_plots,P05,DUC_A01_2017_LAS_18.laz
DUC_A01_2016_inventory_plots,P07,DUC_A01_2008_laz_3.laz
DUC_A01_2016_inventory_plots,P07,DUC_A01_2017_LAS_2.laz
DUC_A01_2016_inventory_plots,P08,DUC_A01_2008_laz_3.laz
DUC_A01_2016_inventory_plots,P08,DUC_A01_2017_LAS_8.laz
DUC_A01_2016_inventory_plots,P09,DUC_A01_2008_laz_3.laz
DUC_A01_2016_inventory_plots,P09,DUC_A01_2017_LAS_2.laz
DUC_A01_2016_inventory_plots,P10,DUC_A01_2008_laz_1.laz
DUC_A01_2016_inventory_plots,P10,DUC_A01_2017_LAS_3.laz
DUC_A01_2016_inventory_plots,P11,DUC_A01_2008_laz_3.laz
DUC_A01_2016_inventory_plots,P11,DUC_A01_2017_LAS_8.laz
DUC_A01_2016_inventory_plots,P12,DUC_A01_2008_laz_1.laz
DUC_A01_2016_inventory_plots,P12,DUC_A01_2017_LAS_3.laz
DUC_A01_2016_inventory_plots,P13,DUC_A01_2008_laz_6.laz
DUC_A01_2016_inventory_plots,P13,DUC_A01_2017_LAS_9.laz
DUC_A01_2016_inventory_plots,P14,DUC_A01_2008_laz_6.laz
DUC_A01_2016_inventory_plots,P14,DUC_A01_2017_LAS_9.laz
DUC_A01_2016_inventory_plots,P15,DUC_A01_2008_laz_6.laz
DUC_A01_2016_inventory_plots,P15,DUC_A01_2017_LAS_9.laz
DUC_A01_2016_inventory_plots,P16,DUC_A01_2008_laz_11.laz
DUC_A01_2016_inventory_plots,P16,DUC_A01_2017_LAS_10.laz
DUC_A01_2016_inventory_plots,P17,DUC_A01_2008_laz_6.laz
DUC_A01_2016_inventory_plots,P17,DUC_A01_2017_LAS_1.laz
DUC_A01_2016_inventory_plots,P18,DUC_A01_2008_laz_6.laz
DUC_A01_2016_inventory_plots,P20,DUC_A01_2008_laz_8.laz
DUC_A01_2016_inventory_plots,P20,DUC_A01_2017_LAS_19.laz
FNA_A01_2013_inventory_plots,T01,FNA_A01_2013_laz_17.laz
FNA_A01_2013_inventory_plots,T01,FNA_A01_2018_LAS_3.laz
FNA_A01_2013_inventory_plots,T02,FNA_A01_2013_laz_17.laz
FNA_A01_2013_inventory_plots,T02,FNA_A01_2018_LAS_3.laz
FNA_A01_2013_inventory_plots,T03,FNA_A01_2013_laz_17.laz
FNA_A01_2013_inventory_plots,T03,FNA_A01_2018_LAS_4.laz
FNA_A01_2013_inventory_plots,T03,FNA_A01_2018_LAS_11.laz
FNA_A01_2013_inventory_plots,T04,FNA_A01_2013_laz_17.laz
FNA_A01_2013_inventory_plots,T04,FNA_A01_2018_LAS_4.laz
FNA_A01_2013_inventory_plots,T04,FNA_A01_2018_LAS_11.laz
FNA_A01_2013_inventory_plots,T05,FNA_A01_2018_LAS_4.laz
FNA_A01_2013_inventory_plots,T05,FNA_A01_2013_laz_18.laz
FNA_A01_2013_inventory_plots,T05,FNA_A01_2018_LAS_11.laz
FN_A01_2015_inventory_plots,1,FND_A01_2017_las_3.laz
FST_A01_2013_inventory_plots, 1,FST_A01_2013_laz_16.laz
FST_A01_2013_inventory_plots, 1,FST_A01a_2014_laz_3.laz
FST_A01_2013_inventory_plots, 1,FST_A01a_2015_laz_0.laz
FST_A01_2013_inventory_plots,1,FST_A01_2013_laz_12.laz
FST_A01_2013_inventory_plots,1,FST_A01a_2014_laz_5.laz
FST_A01_2013_inventory_plots,1,FST_A01a_2015_laz_4.laz
FST_A01_2013_inventory_plots,1,FST_A01_2013_laz_7.laz
FST_A01_2013_inventory_plots,1,FST_A01b_2014_laz_2.laz
FST_A01_2013_inventory_plots,1,FST_A01_2013_laz_6.laz
FST_A01_2013_inventory_plots,1,FST_A01a_2014_laz_0.laz
FST_A01_2013_inventory_plots,1,FST_A01a_2015_laz_2.laz
FST_A01_2013_inventory_plots,1,FST_A01_2013_laz_16.laz
FST_A01_2013_inventory_plots,1,FST_A01a_2014_laz_3.laz
FST_A01_2013_inventory_plots,1,FST_A01a_2015_laz_0.laz
FST_A01_2013_inventory_plots,1,FST_A01_2013_laz_18.laz
FST_A01_2013_inventory_plots,1,FST_A01b_2014_laz_1.laz
FST_A01_2013_inventory_plots,2,FST_A01_2013_laz_18.laz
FST_A01_2013_inventory_plots,2,FST_A01b_2014_laz_1.laz
FST_A01_2013_inventory_plots,2,FST_A01_2013_laz_7.laz
FST_A01_2013_inventory_plots,2,FST_A01b_2014_laz_2.laz
FST_A01_2013_inventory_plots,2,FST_A01_2013_laz_6.laz
FST_A01_2013_inventory_plots,2,FST_A01a_2014_laz_0.laz
FST_A01_2013_inventory_plots,2,FST_A01a_2015_laz_2.laz
FST_A01_2013_inventory_plots,2,FST_A01_2013_laz_16.laz
FST_A01_2013_inventory_plots,2,FST_A01a_2014_laz_3.laz
FST_A01_2013_inventory_plots,2,FST_A01a_2015_laz_0.laz
FST_A01_2013_inventory_plots,3,FST_A01_2013_laz_7.laz
FST_A01_2013_inventory_plots,3,FST_A01b_2014_laz_2.laz
FST_A01_2013_inventory_plots,3,FST_A01_2013_laz_6.laz
FST_A01_2013_inventory_plots,3,FST_A01a_2014_laz_0.laz
FST_A01_2013_inventory_plots,3,FST_A01a_2015_laz_2.laz
FST_A01_2013_inventory_plots,3,FST_A01_2013_laz_16.laz
FST_A01_2013_inventory_plots,3,FST_A01a_2014_laz_3.laz
FST_A01_2013_inventory_plots,3,FST_A01a_2015_laz_0.laz
FST_A01_2013_inventory_plots,4,FST_A01_2013_laz_6.laz
FST_A01_2013_inventory_plots,4,FST_A01a_2014_laz_0.laz
FST_A01_2013_inventory_plots,4,FST_A01a_2015_laz_2.laz
FST_A01_2013_inventory_plots,4,FST_A01_2013_laz_17.laz
FST_A01_2013_inventory_plots,4,FST_A01b_2014_laz_5.laz
FST_A01_2013_inventory_plots,4,FST_A01_2013_laz_7.laz
FST_A01_2013_inventory_plots,4,FST_A01b_2014_laz_2.laz
FST_A01_2013_inventory_plots,4,FST_A01_2013_laz_15.laz
FST_A01_2013_inventory_plots,4,FST_A01a_2014_laz_2.laz
FST_A01_2013_inventory_plots,4,FST_A01a_2015_laz_1.laz
HUM_A01_2014_inventory_plots,1,HUM_A01_2013_laz_7.laz
HUM_A01_2014_inventory_plots,1,HUM_A01_2018_LAS_6.laz
HUM_A01_2014_inventory_plots,10,HUM_A01_2018_LAS_9.laz
HUM_A01_2014_inventory_plots,11,HUM_A01_2013_laz_7.laz
HUM_A01_2014_inventory_plots,11,HUM_A01_2018_LAS_6.laz
HUM_A01_2014_inventory_plots,12,HUM_A01_2013_laz_7.laz
HUM_A01_2014_inventory_plots,12,HUM_A01_2018_LAS_6.laz
HUM_A01_2014_inventory_plots,13,HUM_A01_2013_laz_7.laz
HUM_A01_2014_inventory_plots,13,HUM_A01_2018_LAS_6.laz
HUM_A01_2014_inventory_plots,14,HUM_A01_2013_laz_7.laz
HUM_A01_2014_inventory_plots,14,HUM_A01_2018_LAS_6.laz
HUM_A01_2014_inventory_plots,15,HUM_A01_2013_laz_7.laz
HUM_A01_2014_inventory_plots,15,HUM_A01_2018_LAS_6.laz
HUM_A01_2014_inventory_plots,16,HUM_A01_2013_laz_2.laz
HUM_A01_2014_inventory_plots,16,HUM_A01_2018_LAS_4.laz
HUM_A01_2014_inventory_plots,17,HUM_A01_2013_laz_1.laz
HUM_A01_2014_inventory_plots,17,HUM_A01_2018_LAS_4.laz
HUM_A01_2014_inventory_plots,18,HUM_A01_2013_laz_2.laz
HUM_A01_2014_inventory_plots,18,HUM_A01_2018_LAS_9.laz
HUM_A01_2014_inventory_plots,19,HUM_A01_2013_laz_2.laz
HUM_A01_2014_inventory_plots,19,HUM_A01_2018_LAS_9.laz
HUM_A01_2014_inventory_plots,2,HUM_A01_2013_laz_7.laz
HUM_A01_2014_inventory_plots,2,HUM_A01_2018_LAS_6.laz
HUM_A01_2014_inventory_plots,20,HUM_A01_2013_laz_1.laz
HUM_A01_2014_inventory_plots,20,HUM_A01_2018_LAS_9.laz
HUM_A01_2014_inventory_plots,3,HUM_A01_2013_laz_7.laz
HUM_A01_2014_inventory_plots,3,HUM_A01_2018_LAS_6.laz
HUM_A01_2014_inventory_plots,4,HUM_A01_2013_laz_7.laz
HUM_A01_2014_inventory_plots,4,HUM_A01_2018_LAS_6.laz
HUM_A01_2014_inventory_plots,5,HUM_A01_2013_laz_7.laz
HUM_A01_2014_inventory_plots,5,HUM_A01_2018_LAS_6.laz
HUM_A01_2014_inventory_plots,6,HUM_A01_2013_laz_2.laz
HUM_A01_2014_inventory_plots,6,HUM_A01_2018_LAS_4.laz
HUM_A01_2014_inventory_plots,7,HUM_A01_2013_laz_1.laz
HUM_A01_2014_inventory_plots,7,HUM_A01_2018_LAS_4.laz
HUM_A01_2014_inventory_plots,8,HUM_A01_2013_laz_2.laz
HUM_A01_2014_inventory_plots,8,HUM_A01_2018_LAS_9.laz
HUM_A01_2014_inventory_plots,9,HUM_A01_2013_laz_2.laz
JAM_A02_2011_inventory_plots,T01,JAM_A02_2015_laz_10.laz
JAM_A02_2011_inventory_plots,T01,JAM_A02a_2014_laz_6.laz
JAM_A02_2013_inventory_plots,0,JAM_A02_2011_laz_0.laz
JAM_A02_2013_inventory_plots,0,JAM_A02_2013_laz_4.laz
JAM_A02_2013_inventory_plots,0,JAM_A02_2015_laz_7.laz
JAM_A02_2013_inventory_plots,0,JAM_A02b_2014_laz_0.laz
JAM_A02_2013_inventory_plots,0,JAM_A02_2011_laz_2.laz
JAM_A02_2013_inventory_plots,0,JAM_A02_2013_laz_6.laz
JAM_A02_2013_inventory_plots,0,JAM_A02_2015_laz_9.laz
JAM_A02_2013_inventory_plots,0,JAM_A02b_2014_laz_9.laz
JAM_A02_2013_inventory_plots,0,JAM_A02_2011_laz_9.laz
JAM_A02_2013_inventory_plots,0,JAM_A02_2013_laz_3.laz
JAM_A02_2013_inventory_plots,0,JAM_A02_2015_laz_8.laz
JAM_A02_2013_inventory_plots,0,JAM_A02b_2014_laz_2.laz
JAM_A02_2013_inventory_plots,0,JAM_A02_2011_laz_7.laz
JAM_A02_2013_inventory_plots,0,JAM_A02_2013_laz_1.laz
JAM_A02_2013_inventory_plots,0,JAM_A02_2015_laz_6.laz
JAM_A02_2013_inventory_plots,0,JAM_A02b_2014_laz_6.laz
JAM_A02_2013_inventory_plots,0,JAM_A02_2011_laz_3.laz
JAM_A02_2013_inventory_plots,0,JAM_A02_2013_laz_7.laz
JAM_A02_2013_inventory_plots,0,JAM_A02_2015_laz_14.laz
JAM_A02_2013_inventory_plots,0,JAM_A02_2011_laz_1.laz
JAM_A02_2013_inventory_plots,0,JAM_A02_2013_laz_5.laz
JAM_A02_2013_inventory_plots,0,JAM_A02_2015_laz_3.laz
JAM_A02_2013_inventory_plots,0,JAM_A02_2011_laz_6.laz
JAM_A02_2013_inventory_plots,0,JAM_A02_2013_laz_0.laz
JAM_A02_2013_inventory_plots,0,JAM_A02_2015_laz_15.laz
JAM_A02_2013_inventory_plots,0,JAM_A02a_2014_laz_9.laz
JAM_A02_2013_inventory_plots,0,JAM_A02_2011_laz_5.laz
JAM_A02_2013_inventory_plots,0,JAM_A02_2013_laz_9.laz
JAM_A02_2013_inventory_plots,0,JAM_A02_2015_laz_10.laz
JAM_A02_2013_inventory_plots,0,JAM_A02a_2014_laz_6.laz
JAM_A02_2013_inventory_plots,0,JAM_A02_2011_laz_8.laz
JAM_A02_2013_inventory_plots,0,JAM_A02_2013_laz_2.laz
JAM_A02_2013_inventory_plots,0,JAM_A02_2015_laz_0.laz
JAM_A03_2013_inventory_plots,0,JAM_A03_2013_laz_13.laz
JAM_A03_2013_inventory_plots,0,JAM_A03_2013_laz_19.laz
PAR_A01_2013_2018_inventory_plots,T01,PAR_A01_2013_laz_8.laz
PAR_A01_2013_2018_inventory_plots,T01,PAR_A01_2013_laz_optional_3.laz
PAR_A01_2013_2018_inventory_plots,T02,PAR_A01_2013_laz_8.laz
PAR_A01_2013_2018_inventory_plots,T02,PAR_A01_2013_laz_optional_3.laz
PAR_A01_2013_2018_inventory_plots,T03,PAR_A01_2013_laz_8.laz
PAR_A01_2013_2018_inventory_plots,T03,PAR_A01_2013_laz_optional_3.laz
PAR_A01_2013_2018_inventory_plots,T07,PAR_A01_2013_laz_4.laz
PAR_A01_2013_2018_inventory_plots,T07,PAR_A01_2013_laz_optional_8.laz
PAR_A01_2013_2018_inventory_plots,T08,PAR_A01_2013_laz_4.laz
PAR_A01_2013_2018_inventory_plots,T08,PAR_A01_2013_laz_optional_8.laz
PAR_A01_2013_2018_inventory_plots,T09,PAR_A01_2013_laz_4.laz
PAR_A01_2013_2018_inventory_plots,T09,PAR_A01_2013_laz_optional_8.laz
PAR_A01_2013_2018_inventory_plots,T10,PAR_A01_2013_laz_6.laz
PAR_A01_2013_2018_inventory_plots,T10,PAR_A01_2013_laz_optional_7.laz
SAN_A01_2014_2016_inventory_plots,1,SAN_A01_2014_laz_3.laz
SAN_A01_2014_2016_inventory_plots,10,SAN_A01_2014_laz_3.laz
SAN_A01_2014_2016_inventory_plots,11,SAN_A01_2014_laz_3.laz
SAN_A01_2014_2016_inventory_plots,12,SAN_A01_2014_laz_3.laz
SAN_A01_2014_2016_inventory_plots,13,SAN_A01_2014_laz_2.laz
SAN_A01_2014_2016_inventory_plots,14,SAN_A01_2014_laz_1.laz
SAN_A01_2014_2016_inventory_plots,15,SAN_A01_2014_laz_1.laz
SAN_A01_2014_2016_inventory_plots,16,SAN_A01_2014_laz_1.laz
SAN_A01_2014_2016_inventory_plots,2,SAN_A01_2014_laz_3.laz
SAN_A01_2014_2016_inventory_plots,6,SAN_A01_2014_laz_1.laz
SAN_A01_2014_2016_inventory_plots,7,SAN_A01_2014_laz_1.laz
SAN_A01_2014_2016_inventory_plots,8,SAN_A01_2014_laz_1.laz
SAN_A01_2014_2016_inventory_plots,9,SAN_A01_2014_laz_3.laz
SAN_A01b_2016_2018_inventory_plots,2,SAN_A01_2014_laz_6.laz
SAN_A01b_2016_2018_inventory_plots,3,SAN_A01_2014_laz_11.laz
SAN_A01b_2016_2018_inventory_plots,4,SAN_A01_2014_laz_11.laz
SAN_A01b_2016_2018_inventory_plots,5,SAN_A01_2014_laz_11.laz
SAN_A01b_2016_2018_inventory_plots,6,SAN_A01_2014_laz_11.laz
SAN_A01b_2016_2018_inventory_plots,7,SAN_A01_2014_laz_4.laz
SAN_A02_2014_inventory_plots,1,SAN_A02_2014_laz_0.laz
SAN_A02_2014_inventory_plots,10,SAN_A02_2014_laz_2.laz
SAN_A02_2014_inventory_plots,11,SAN_A02_2014_laz_2.laz
SAN_A02_2014_inventory_plots,12,SAN_A02_2014_laz_14.laz
SAN_A02_2014_inventory_plots,14,SAN_A02_2014_laz_17.laz
SAN_A02_2014_inventory_plots,2,SAN_A02_2014_laz_0.laz
SAN_A02_2014_inventory_plots,3,SAN_A02_2014_laz_2.laz
SAN_A02_2014_inventory_plots,4,SAN_A02_2014_laz_2.laz
SAN_A02_2014_inventory_plots,5,SAN_A02_2014_laz_14.laz
SAN_A02_2014_inventory_plots,7,SAN_A02_2014_laz_17.laz
SAN_A02_2014_inventory_plots,8,SAN_A02_2014_laz_0.laz
SAN_A02_2014_inventory_plots,9,SAN_A02_2014_laz_0.laz
SFX_A01_2011_inventory_plots,P01,SFX_A01_2012_laz_5.laz
SFX_A01_2011_inventory_plots,P02,SFX_A01_2012_laz_5.laz
SFX_A01_2011_inventory_plots,P03,SFX_A01_2012_laz_5.laz
SFX_A01_2011_inventory_plots,P04,SFX_A01_2012_laz_5.laz
SFX_A01_2011_inventory_plots,P05,SFX_A01_2012_laz_7.laz
SFX_A01_2011_inventory_plots,P06,SFX_A01_2012_laz_7.laz
SFX_A01_2011_inventory_plots,P07,SFX_A01_2012_laz_7.laz
SFX_A01_2011_inventory_plots,P08,SFX_A01_2012_laz_10.laz
SFX_A01_2011_inventory_plots,P09,SFX_A01_2012_laz_10.laz
SFX_A02_2012_inventory_plots,P18,SFX_A02_2012_laz_12.laz
SFX_A02_2012_inventory_plots,P19,SFX_A02_2012_laz_12.laz
SFX_A02_2012_inventory_plots,P20,SFX_A02_2012_laz_12.laz
SFX_A02_2012_inventory_plots,P21,SFX_A02_2012_laz_12.laz
SFX_A02_2012_inventory_plots,P23,SFX_A02_2012_laz_12.laz
SFX_A02_2012_inventory_plots,P24,SFX_A02_2012_laz_12.laz
SFX_A02_2012_inventory_plots,P25,SFX_A02_2012_laz_12.laz
SFX_A02_2012_inventory_plots,P26,SFX_A02_2012_laz_12.laz
SFX_A02_2012_inventory_plots,P27,SFX_A02_2012_laz_12.laz
SFX_A02_2012_inventory_plots,P28,SFX_A02_2012_laz_9.laz
SFX_A02_2012_inventory_plots,P29,SFX_A02_2012_laz_9.laz
SFX_A02_2012_inventory_plots,P30,SFX_A02_2012_laz_12.laz
SFX_A02_2012_inventory_plots,P31,SFX_A02_2012_laz_12.laz
SFX_A02_2012_inventory_plots,P32,SFX_A02_2012_laz_12.laz
SFX_A02_2012_inventory_plots,P33,SFX_A02_2012_laz_12.laz
SFX_A02_2012_inventory_plots,P34,SFX_A02_2012_laz_9.laz
SFX_A02_2012_inventory_plots,P36,SFX_A02_2012_laz_6.laz
SFX_A02_2012_inventory_plots,P37,SFX_A02_2012_laz_6.laz
SFX_A02_2012_inventory_plots,P39,SFX_A02_2012_laz_18.laz
TAC_A01_2014_inventory_plots,P01,TAC_A01_2013_laz_17.laz
TAC_A01_2014_inventory_plots,P07,TAC_A01_2013_laz_5.laz
TAC_A01_2014_inventory_plots,P08,TAC_A01_2013_laz_0.laz
TAC_A01_2014_inventory_plots,P09,TAC_A01_2013_laz_9.laz
TAC_A01_2014_inventory_plots,P10,TAC_A01_2013_laz_14.laz
TAC_A01_2014_inventory_plots,P11,TAC_A01_2013_laz_5.laz
TAC_A01_2014_inventory_plots,P12,TAC_A01_2013_laz_5.laz
TAC_A01_2014_inventory_plots,P13,TAC_A01_2013_laz_15.laz
TAC_A01_2014_inventory_plots,P14,TAC_A01_2013_laz_15.laz
TAC_A01_2014_inventory_plots,P16,TAC_A01_2013_laz_5.laz
TAC_A01_2015_inventory_plots,1,TAC_A01_2013_laz_17.laz
TAC_A01_2015_inventory_plots,10,TAC_A01_2013_laz_9.laz
TAC_A01_2015_inventory_plots,12,TAC_A01_2013_laz_4.laz
TAC_A01_2015_inventory_plots,13,TAC_A01_2013_laz_10.laz
TAC_A01_2015_inventory_plots,14,TAC_A01_2013_laz_17.laz
TAC_A01_2015_inventory_plots,15,TAC_A01_2013_laz_12.laz
TAC_A01_2015_inventory_plots,16,TAC_A01_2013_laz_9.laz
TAC_A01_2015_inventory_plots,17,TAC_A01_2013_laz_10.laz
TAC_A01_2015_inventory_plots,18,TAC_A01_2013_laz_11.laz
TAC_A01_2015_inventory_plots,19,TAC_A01_2013_laz_1.laz
TAC_A01_2015_inventory_plots,2,TAC_A01_2013_laz_12.laz
TAC_A01_2015_inventory_plots,20,TAC_A01_2013_laz_15.laz
TAC_A01_2015_inventory_plots,21,TAC_A01_2013_laz_13.laz
TAC_A01_2015_inventory_plots,22,TAC_A01_2013_laz_9.laz
TAC_A01_2015_inventory_plots,23,TAC_A01_2013_laz_9.laz
TAC_A01_2015_inventory_plots,25,TAC_A01_2013_laz_4.laz
TAC_A01_2015_inventory_plots,26,TAC_A01_2013_laz_10.laz
TAC_A01_2015_inventory_plots,3,TAC_A01_2013_laz_9.laz
TAC_A01_2015_inventory_plots,4,TAC_A01_2013_laz_10.laz
TAC_A01_2015_inventory_plots,5,TAC_A01_2013_laz_11.laz
TAC_A01_2015_inventory_plots,6,TAC_A01_2013_laz_1.laz
TAC_A01_2015_inventory_plots,7,TAC_A01_2013_laz_15.laz
TAC_A01_2015_inventory_plots,8,TAC_A01_2013_laz_13.laz
TAC_A01_2015_inventory_plots,9,TAC_A01_2013_laz_9.laz
TAN_A01_2012_inventory_plots,T02,TAN_A01_2012_laz_6.laz
TAN_A01_2012_inventory_plots,T02,TAN_A01_2014_laz_20.laz
TAP_A01_2009_2011_inventory_plots,M1,TAP_A01_2008_14-01.laz
TAP_A01_2009_2011_inventory_plots,M1,TAP_A01_2008_laz_3.laz
TAP_A01_2009_2011_inventory_plots,M2,TAP_A01_2008_14-01.laz
TAP_A01_2009_2011_inventory_plots,M2,TAP_A01_2008_laz_3.laz
TAP_A01_2009_2011_inventory_plots,M2,TAP_A01_2012_laz_12.laz
TAP_A01_2009_2011_inventory_plots,M4,TAP_A01_2008_14-04.laz
TAP_A01_2009_2011_inventory_plots,M4,TAP_A01_2008_laz_2.laz
TAP_A01_2009_2011_inventory_plots,M6,TAP_A01_2012_laz_10.laz
TAP_A01_2015_2018_inventory_plots,1,TAP_A01_2012_laz_13.laz
TAP_A01_2015_2018_inventory_plots,2,TAP_A01_2012_laz_0.laz
TAP_A01_2015_2018_inventory_plots,3,TAP_A01_2008_14-04.laz
TAP_A01_2015_2018_inventory_plots,3,TAP_A01_2008_laz_2.laz
TAP_A01_2015_2018_inventory_plots,3,TAP_A01_2012_laz_11.laz
TAP_A01_2015_2018_inventory_plots,4,TAP_A01_2008_14-01.laz
TAP_A01_2015_2018_inventory_plots,4,TAP_A01_2008_laz_3.laz
TAP_A01_2015_2018_inventory_plots,4,TAP_A01_2012_laz_10.laz
TAP_A01_2015_2018_inventory_plots,5,TAP_A01_2008_14-03.laz
TAP_A01_2015_2018_inventory_plots,5,TAP_A01_2008_laz_1.laz
TAP_A01_2015_2018_inventory_plots,5,TAP_A01_2012_laz_13.laz
TAP_A01_2015_2018_inventory_plots,6,TAP_A01_2012_laz_2.laz
TAP_A01_2015_2018_inventory_plots,7,TAP_A01_2008_14-04.laz
TAP_A01_2015_2018_inventory_plots,7,TAP_A01_2008_laz_2.laz
TAP_A01_2015_2018_inventory_plots,7,TAP_A01_2012_laz_11.laz
TAP_A01_2015_2018_inventory_plots,8,TAP_A01_2008_14-04.laz
TAP_A01_2015_2018_inventory_plots,8,TAP_A01_2008_laz_2.laz
TAP_A01_2015_2018_inventory_plots,9,TAP_A01_2008_14-04.laz
TAP_A01_2015_2018_inventory_plots,9,TAP_A01_2008_laz_2.laz
TAP_A03_2015_2018_inventory_plots,1,TAP_A03_2012_laz_16.laz
TAP_A03_2015_2018_inventory_plots,1,TAP_A03_2013_laz_7.laz
TAP_A03_2015_2018_inventory_plots,1,TAP_A03_2016_laz_3.laz
TAP_A03_2015_2018_inventory_plots,1,TAP_A03_2018_LAS_3.laz
TAP_A03_2015_2018_inventory_plots,10,TAP_A03_2012_laz_10.laz
TAP_A03_2015_2018_inventory_plots,10,TAP_A03_2013_laz_11.laz
TAP_A03_2015_2018_inventory_plots,10,TAP_A03_2016_laz_11.laz
TAP_A03_2015_2018_inventory_plots,10,TAP_A03_2018_LAS_8.laz
TAP_A03_2015_2018_inventory_plots,2,TAP_A03_2012_laz_16.laz
TAP_A03_2015_2018_inventory_plots,2,TAP_A03_2013_laz_7.laz
TAP_A03_2015_2018_inventory_plots,2,TAP_A03_2016_laz_3.laz
TAP_A03_2015_2018_inventory_plots,2,TAP_A03_2018_LAS_3.laz
TAP_A03_2015_2018_inventory_plots,3,TAP_A03_2012_laz_13.laz
TAP_A03_2015_2018_inventory_plots,3,TAP_A03_2013_laz_8.laz
TAP_A03_2015_2018_inventory_plots,3,TAP_A03_2016_laz_15.laz
TAP_A03_2015_2018_inventory_plots,3,TAP_A03_2018_LAS_11.laz
TAP_A03_2015_2018_inventory_plots,4,TAP_A03_2018_LAS_11.laz
TAP_A03_2015_2018_inventory_plots,5,TAP_A03_2012_laz_13.laz
TAP_A03_2015_2018_inventory_plots,5,TAP_A03_2013_laz_8.laz
TAP_A03_2015_2018_inventory_plots,5,TAP_A03_2016_laz_15.laz
TAP_A03_2015_2018_inventory_plots,6,TAP_A03_2012_laz_13.laz
TAP_A03_2015_2018_inventory_plots,6,TAP_A03_2013_laz_8.laz
TAP_A03_2015_2018_inventory_plots,6,TAP_A03_2016_laz_15.laz
TAP_A03_2015_2018_inventory_plots,6,TAP_A03_2018_LAS_0.laz
TAP_A03_2015_2018_inventory_plots,7,TAP_A03_2012_laz_10.laz
TAP_A03_2015_2018_inventory_plots,7,TAP_A03_2013_laz_11.laz
TAP_A03_2015_2018_inventory_plots,7,TAP_A03_2016_laz_11.laz
TAP_A03_2015_2018_inventory_plots,7,TAP_A03_2018_LAS_8.laz
TAP_A03_2015_2018_inventory_plots,8,TAP_A03_2012_laz_10.laz
TAP_A03_2015_2018_inventory_plots,8,TAP_A03_2013_laz_11.laz
TAP_A03_2015_2018_inventory_plots,8,TAP_A03_2016_laz_11.laz
TAP_A03_2015_2018_inventory_plots,8,TAP_A03_2018_LAS_3.laz
TAP_A03_2015_2018_inventory_plots,9,TAP_A03_2012_laz_13.laz
TAP_A03_2015_2018_inventory_plots,9,TAP_A03_2013_laz_8.laz
TAP_A03_2015_2018_inventory_plots,9,TAP_A03_2016_laz_15.laz
TAP_A03_2015_2018_inventory_plots,9,TAP_A03_2018_LAS_11.laz
TAP_A04_2010_2011_inventory_plots,499.995055366,TAP_A04_2008_15-02.laz
TAP_A04_2010_2011_inventory_plots,499.995055366,TAP_A04_2008_laz_0.laz
TAP_A04_2010_2011_inventory_plots,499.997652494,TAP_A04_2008_15-04.laz
TAP_A04_2010_2011_inventory_plots,499.997652494,TAP_A04_2008_laz_1.laz
TAP_A04_2010_2011_inventory_plots,499.998497362,TAP_A04_2008_15-01.laz
TAP_A04_2010_2011_inventory_plots,499.998497362,TAP_A04_2008_laz_3.laz
TAP_A04_2010_2011_inventory_plots,500.000757499,TAP_A04_2008_15-03.laz
TAP_A04_2010_2011_inventory_plots,500.000757499,TAP_A04_2008_laz_2.laz
TAP_A04_2010_2011_inventory_plots,500.000757499,TAP_A04_2018_LAS_2.laz
TAP_A05_2010_2011_inventory_plots,493.008928009,TAP_A05_2008_16-01.laz
TAP_A05_2010_2011_inventory_plots,493.008928009,TAP_A05_2008_laz_0.laz
TAP_A05_2010_2011_inventory_plots,493.008928009,TAP_A05_2018_LAS_1.laz
TAP_A05_2010_2011_inventory_plots,500.000640863,TAP_A05_2008_16-01.laz
TAP_A05_2010_2011_inventory_plots,500.000640863,TAP_A05_2008_laz_0.laz
