site,tree_id,scientific_name,family_name,utm_easting,utm_northing,type,dbh_2016,dead_2016,hcom_2016,htot_2016,dbh_2018,dead_2018,plot_id,htot_feldpausch,dbh_used,dead_used,type_used,htot_used,htot_source,iagc_m1_kgC,iagc_m2_kgC,rho_w_m3,iagc_m3_kgC
SAN_A01b,001a,,,736910.3807,9667923.18,O,22.0,False,,,22.4,False,2,18.47,22.0,False,O,18.47,feldpausch,146.8728,146.8728,0.6965,169.8819
SAN_A01b,001b,Eschweilera coriacea,Lecythidaceae,736890.3347,9667914.087,O,44.1,False,26.19,35.07,47.2,False,2,28.45,44.1,False,O,35.07,measured,1067.2401,1067.2401,0.8521,1502.9239
SAN_A01b,002a,Parkia paraensis,Fabaceae,736902.8456,9667920.434,O,46.8,False,17.54,28.99,46.8,False,2,28.32,46.8,False,O,28.99,measured,995.2561,995.2561,0.415,694.5031
SAN_A01b,002b,Micrandra minor,Euphorbiaceae,736897.7126,9667892.239,O,46.6,False,19.98,28.15,46.4,False,2,28.2,46.6,False,O,28.15,measured,959.0493,959.0493,0.41,661.3667
SAN_A01b,003a,,,736904.3004,9667919.625,O,21.5,True,,,,True,2,,21.5,True,O,,feldpausch,,,0.6965,
SAN_A01b,003b,Tachigali myrmecophila,Fabaceae,736904.9648,9667874.771,O,57.5,False,36.82,44.77,,True,2,,57.5,False,O,44.77,measured,2273.504,2273.504,0.476,1813.696
SAN_A01b,004a,Eschweilera micrantha,Lecythidaceae,736906.3098,9667920.021,O,13.5,False,,,14.2,False,2,13.62,13.5,False,O,13.62,feldpausch,42.0561,42.0561,0.86,59.7618
SAN_A01b,004b,Micrandra minor,Euphorbiaceae,736880.8993,9667883.61,O,42.7,False,22.8,31.67,42.9,False,2,27.07,42.7,False,O,31.67,measured,907.1694,907.1694,0.41,625.5901
SAN_A01b,005a,,,736908.1397,9667918.341,O,26.6,True,,,,True,2,,26.6,True,O,,feldpausch,,,0.6965,
SAN_A01b,005b,Eschweilera apiculata,Lecythidaceae,736883.0185,9667890.344,O,46.6,False,21.49,33.28,46.7,False,2,28.29,46.6,False,O,33.28,measured,1129.2781,1129.2781,0.8314,1552.584
SAN_A01b,006a,Virola michelii,Myristicaceae,736909.3067,9667916.921,O,13.0,False,,,13.9,False,2,13.42,13.0,False,O,13.42,feldpausch,38.5092,38.5092,0.4701,30.3507
SAN_A01b,006b,,,736877.7142,9667901.158,O,47.3,True,2.77,31.54,,True,2,,47.3,True,O,31.54,measured,1103.262,758.3167,0.6965,758.3167
SAN_A01b,007a,Eschweilera ovata,Lecythidaceae,736907.8811,9667916.46,O,10.1,False,,,10.2,False,2,10.78,10.1,False,O,10.78,feldpausch,18.9991,18.9991,0.9,28.2226
SAN_A01b,008a,,,736905.3701,9667914.767,L,11.6,False,,,11.3,False,2,11.6,11.6,False,L,11.6,feldpausch,26.742,26.742,0.6965,30.9314
SAN_A01b,009a,Eschweilera ovata,Lecythidaceae,736904.701,9667911.401,O,12.0,False,,,12.8,False,2,12.67,12.0,False,O,12.67,feldpausch,31.141,31.141,0.9,46.2591
SAN_A01b,010a,Eschweilera coriacea,Lecythidaceae,736903.6973,9667908.808,O,17.9,False,,,18.1,False,2,16.07,17.9,False,O,16.07,feldpausch,85.7238,85.7238,0.8521,120.7192
SAN_A01b,011a,Eschweilera micrantha,Lecythidaceae,736908.4404,9667910.301,O,11.2,False,,,10.4,False,2,10.93,11.2,False,O,10.93,feldpausch,23.5628,23.5628,0.86,33.4828
SAN_A01b,012a,Duguetia surinamensis,Annonaceae,736907.6937,9667907.132,O,25.4,False,,,25.5,False,2,20.05,25.4,False,O,20.05,feldpausch,210.6492,210.6492,0.8,278.933
SAN_A01b,013a,Manilkara huberi,Sapotaceae,736909.2638,9667906.026,O,15.0,False,8.55,11.48,15.3,False,2,14.34,15.0,False,O,11.48,measured,43.7214,43.7214,0.9214,66.4513
SAN_A01b,014a,Poeppigia procera,Fabaceae,736914.3997,9667911.449,O,19.1,False,,,19.9,False,2,17.11,19.1,False,O,17.11,feldpausch,103.4403,103.4403,0.735,126.0987
SAN_A01b,015a,Lecythis idatimon,Lecythidaceae,736914.3441,9667910.837,O,17.2,False,,,17.7,False,2,15.83,17.2,False,O,15.83,feldpausch,78.1458,78.1458,0.7986,103.2971
SAN_A01b,016a,Lecythis lurida,Lecythidaceae,736913.8097,9667907.887,O,34.3,False,,,34.4,False,2,23.97,34.3,False,O,23.97,feldpausch,450.7241,450.7241,0.8633,642.9029
SAN_A01b,017a,Ocotea cernua,Lauraceae,736918.2,9667906.396,O,12.0,False,,,12.8,False,2,12.67,12.0,False,O,12.67,feldpausch,31.141,31.141,0.4535,23.6961
SAN_A01b,018a,Duguetia surinamensis,Annonaceae,736911.8549,9667902.611,O,33.5,False,,,33.7,False,2,23.69,33.5,False,O,23.69,feldpausch,425.5236,425.5236,0.8,563.461
SAN_A01b,019a,Duguetia surinamensis,Annonaceae,736908.0942,9667896.696,O,22.0,False,,,21.1,False,2,17.78,22.0,False,O,17.78,feldpausch,141.5152,141.5152,0.8,187.3887
SAN_A01b,020a,Lecythis lurida,Lecythidaceae,736913.0292,9667897.573,O,28.0,False,14.18,21.9,28.0,False,2,21.23,28.0,False,O,21.9,measured,277.7069,277.7069,0.8633,396.1149
SAN_A01b,021a,Licania guianensis,Chrysobalanaceae,736917.0349,9667898.114,O,37.2,False,,,38.2,False,2,25.42,37.2,False,O,25.42,feldpausch,559.2575,559.2575,0.8165,755.4448
SAN_A01b,022a,Lecythis lurida,Lecythidaceae,736919.6886,9667901.74,O,33.7,False,,,33.5,False,2,23.61,33.7,False,O,23.61,feldpausch,429.0777,429.0777,0.8633,612.0269
SAN_A01b,023a,Licania guianensis,Chrysobalanaceae,736920.9465,9667898.842,O,13.8,False,,,14.4,False,2,13.76,13.8,False,O,13.76,feldpausch,44.3401,44.3401,0.8165,59.8945
SAN_A01b,024a,,,736920.7891,9667896.779,O,11.9,False,,,12.2,False,2,12.25,11.9,False,O,12.25,feldpausch,29.6448,29.6448,0.6965,34.289
SAN_A01b,025a,Protium paniculatum,Burseraceae,736914.171,9667892.637,O,11.9,False,,,12.0,False,2,12.11,11.9,False,O,12.11,feldpausch,29.3141,29.3141,0.49,24.0565
SAN_A01b,026a,Eschweilera coriacea,Lecythidaceae,736911.8224,9667890.798,O,41.6,False,,,41.7,False,2,26.66,41.6,False,O,26.66,feldpausch,728.7362,728.7362,0.8521,1026.2313
SAN_A01b,027a,Protium paniculatum,Burseraceae,736917.4175,9667892.458,O,18.0,False,,,,True,2,,18.0,False,O,,feldpausch,,,0.49,
SAN_A01b,028a,Manilkara bidentata,Sapotaceae,736919.1269,9667889.781,O,61.6,False,16.12,20.39,62.2,False,2,32.46,61.6,False,O,20.39,measured,1207.0172,1207.0172,0.8729,1740.3451
SAN_A01b,029a,Eschweilera coriacea,Lecythidaceae,736922.9954,9667889.316,O,12.6,False,,,12.9,False,2,12.74,12.6,False,O,12.74,feldpausch,34.4373,34.4373,0.8521,48.4958
SAN_A01b,030a,Inga thibaudiana,Fabaceae,736924.2888,9667889.942,O,14.5,False,,,15.8,False,2,14.66,14.5,False,O,14.66,feldpausch,51.9515,51.9515,0.5786,50.1388
SAN_A01b,031a,Lecythis lurida,Lecythidaceae,736924.4704,9667885.941,O,24.9,False,,,25.1,False,2,19.85,24.9,False,O,19.85,feldpausch,200.6578,200.6578,0.8633,286.2139
SAN_A01b,032a,Eschweilera coriacea,Lecythidaceae,736921.2578,9667886.14,O,11.1,False,,,11.4,False,2,11.67,11.1,False,O,11.67,feldpausch,24.6827,24.6827,0.8521,34.759
SAN_A01b,033a,Mabea angularis,Euphorbiaceae,736916.3986,9667882.975,O,24.0,False,,,24.5,False,2,19.55,24.0,False,O,19.55,feldpausch,183.9892,183.9892,0.6157,188.6947
SAN_A01b,034a,,,736912.6563,9667881.983,O,29.9,True,,,,True,2,,29.9,True,O,,feldpausch,,,0.6965,
SAN_A01b,035a,Tetragastris panamensis,Burseraceae,736916.1011,9667881.314,O,14.9,False,,,15.1,False,2,14.21,14.9,False,O,14.21,feldpausch,53.1437,53.1437,0.7173,63.2645
SAN_A01b,036a,Eschweilera ovata,Lecythidaceae,736913.9786,9667876.791,O,15.0,False,,,15.6,False,2,14.54,15.0,False,O,14.54,feldpausch,55.0622,55.0622,0.9,81.7935
SAN_A01b,037a,Pouteria gongrijpii,Sapotaceae,736916.3263,9667878.507,O,25.2,False,16.79,22.91,25.9,False,2,20.24,25.2,False,O,22.91,measured,236.2539,236.2539,0.7994,312.6088
SAN_A01b,038a,Eschweilera ovata,Lecythidaceae,736918.1324,9667876.812,O,14.7,False,,,15.2,False,2,14.28,14.7,False,O,14.28,feldpausch,52.009,52.009,0.9,77.2581
SAN_A01b,039a,,,736926.9919,9667877.815,O,16.6,True,,,,True,2,,16.6,True,O,,feldpausch,,,0.6965,
SAN_A01b,040a,Eschweilera coriacea,Lecythidaceae,736925.929,9667875.552,O,12.0,False,,,12.9,False,2,12.74,12.0,False,O,12.74,feldpausch,31.3089,31.3089,0.8521,44.0903
SAN_A01b,041a,,,736915.288,9667873.925,O,13.8,True,,,,True,2,,13.8,True,O,,feldpausch,,,0.6965,
SAN_A01b,042a,Eschweilera coriacea,Lecythidaceae,736911.095,9667877.381,O,20.0,False,,,20.5,False,2,17.45,20.0,False,O,17.45,feldpausch,115.3622,115.3622,0.8521,162.457
SAN_A01b,043a,Pouteria gongrijpii,Sapotaceae,736913.0917,9667881.027,O,26.8,False,,,26.9,False,2,20.72,26.8,False,O,20.72,feldpausch,241.5328,241.5328,0.7994,319.5938
SAN_A01b,044a,Pouteria gongrijpii,Sapotaceae,736911.8398,9667881.472,O,17.4,False,,,18.0,False,2,16.01,17.4,False,O,16.01,feldpausch,80.8163,80.8163,0.7994,106.9353
SAN_A01b,045a,Eschweilera coriacea,Lecythidaceae,736910.4109,9667882.298,O,31.8,False,,,32.4,False,2,23.15,31.8,False,O,23.15,feldpausch,375.8376,375.8376,0.8521,529.2673
SAN_A01b,046a,Trichilia micrantha,Meliaceae,736909.1772,9667887.3,O,17.4,False,22.56,31.48,17.6,False,2,15.77,17.4,False,O,31.48,measured,156.3489,156.3489,0.6125,159.5272
SAN_A01b,047a,Trichilia micrantha,Meliaceae,736910.476,9667889.096,O,10.7,False,,,11.0,False,2,11.38,10.7,False,O,11.38,feldpausch,22.4188,22.4188,0.6125,22.8746
SAN_A01b,048a,Eschweilera coriacea,Lecythidaceae,736910.0439,9667892.388,O,10.8,False,,,11.3,False,2,11.6,10.8,False,O,11.6,feldpausch,23.2603,23.2603,0.8521,32.7559
SAN_A01b,049a,Eschweilera micrantha,Lecythidaceae,736906.567,9667897.706,O,19.4,False,,,19.9,False,2,17.11,19.4,False,O,17.11,feldpausch,106.6355,106.6355,0.86,151.5293
SAN_A01b,050a,Eschweilera coriacea,Lecythidaceae,736902.3118,9667897.623,O,28.5,False,,,29.2,False,2,21.77,28.5,False,O,21.77,feldpausch,285.8036,285.8036,0.8521,402.4784
SAN_A01b,051a,Tachigali myrmecophila,Fabaceae,736898.9196,9667909.751,O,13.9,False,,,14.5,False,2,13.82,13.9,False,O,13.82,feldpausch,45.1608,45.1608,0.476,36.0272
SAN_A01b,052a,Licania octandra,Chrysobalanaceae,736900.7034,9667910.62,O,35.7,False,,,36.1,False,2,24.63,35.7,False,O,24.63,feldpausch,500.4242,500.4242,0.825,682.8444
SAN_A01b,053a,Licania octandra,Chrysobalanaceae,736897.5327,9667917.604,O,37.2,False,15.04,23.6,,True,2,,37.2,False,O,23.6,measured,520.1428,520.1428,0.825,709.7511
SAN_A01b,054a,,,736893.8254,9667913.69,L,15.6,False,,,,True,2,,15.6,False,L,,feldpausch,,,0.6965,
SAN_A01b,055a,,,736903.5917,9667911.211,L,,,,,11.0,False,2,11.38,,False,L,11.38,feldpausch,,,0.6965,
SAN_A01b,056a,,,736901.7633,9667904.712,L,,,,,11.8,False,2,11.96,,False,L,11.96,feldpausch,,,0.6965,
SAN_A01b,057a,Inga sp.,Fabaceae,736914.7383,9667902.609,O,,,,,10.6,False,2,11.08,,False,O,11.08,feldpausch,,,0.5786,
SAN_A01b,058a,,,736909.9009,9667899.325,L,,,,,10.2,False,2,10.78,,False,L,10.78,feldpausch,,,0.6965,
SAN_A01b,059a,Pouteria gongrijpii,Sapotaceae,736918.9473,9667876.155,O,,,,,9.9,False,2,10.55,,False,O,10.55,feldpausch,,,0.7994,
SAN_A01b,060a,Talisia longifolia,Sapindaceae,736917.8213,9667879.812,O,,,,,10.2,False,2,10.78,,False,O,10.78,feldpausch,,,0.8499,
SAN_A01b,001a,Eschweilera coriacea,Lecythidaceae,736774.6202,9668149.238,O,20.7,False,,,21.0,False,3,17.72,20.7,False,O,17.72,feldpausch,125.2378,125.2378,0.8521,176.3641
SAN_A01b,001b,Swartzia laevicarpa,Fabaceae,736756.0009,9668142.067,O,35.0,False,,,35.0,False,3,24.21,35.0,False,O,24.21,feldpausch,473.4351,473.4351,0.6125,483.0592
SAN_A01b,002a,,,736781.0588,9668146.817,O,32.8,False,,,34.2,False,3,23.89,32.8,False,O,23.89,feldpausch,411.7043,411.7043,0.6965,476.2018
SAN_A01b,002b,,,736758.2451,9668139.494,O,42.5,False,,,42.9,False,3,27.07,42.5,False,O,27.07,feldpausch,771.2309,771.2309,0.6965,892.0518
SAN_A01b,003a,Eschweilera micrantha,Lecythidaceae,736781.8354,9668145.215,O,15.0,False,,,15.6,False,3,14.54,15.0,False,O,14.54,feldpausch,55.0622,55.0622,0.86,78.2436
SAN_A01b,003b,Minquartia guianensis,Olacaceae,736764.5469,9668134.998,O,36.2,False,,,36.4,False,3,24.75,36.2,False,O,24.75,feldpausch,516.6414,516.6414,0.7867,673.0247
SAN_A01b,004a,Pouteria gongrijpii,Sapotaceae,736777.5674,9668140.911,O,31.2,False,,,30.9,False,3,22.52,31.2,False,O,22.52,feldpausch,352.4984,352.4984,0.7994,466.4224
SAN_A01b,004b,,,736762.1984,9668131.01,O,44.6,True,,,,True,3,,44.6,True,O,,feldpausch,,,0.6965,
SAN_A01b,005a,Chimarrhis turbinata,Rubiaceae,736784.9198,9668143.226,O,73.8,False,22.91,31.97,41.8,False,3,26.7,73.8,False,O,31.97,measured,2664.008,2664.008,0.72,3182.8518
SAN_A01b,005b,Rinorea guianensis,Violaceae,736766.4972,9668130.839,O,38.4,False,25.09,34.22,37.9,False,3,25.31,38.4,False,O,34.22,measured,795.3028,795.3028,0.78,1027.404
SAN_A01b,006a,Tachigali myrmecophila,Fabaceae,736783.2091,9668137.999,O,11.0,False,,,11.6,False,3,11.82,11.0,False,O,11.82,feldpausch,24.5547,24.5547,0.476,19.5886
SAN_A01b,006b,Minquartia guianensis,Olacaceae,736762.8392,9668125.098,O,47.6,False,,,47.7,False,3,28.6,47.6,False,O,28.6,feldpausch,1015.2259,1015.2259,0.7867,1322.5269
SAN_A01b,007a,Lecythis idatimon,Lecythidaceae,736780.318,9668135.183,O,11.2,False,,,11.5,False,3,11.75,11.2,False,O,11.75,feldpausch,25.2866,25.2866,0.7986,33.4252
SAN_A01b,007b,Pouteria sp.,Sapotaceae,736764.6311,9668121.241,O,42.7,False,,,44.4,False,3,27.56,42.7,False,O,27.56,feldpausch,792.0788,792.0788,0.7187,944.7132
SAN_A01b,008a,,,736782.4601,9668135.147,O,16.2,False,,,16.6,False,3,15.16,16.2,False,O,15.16,feldpausch,66.6494,66.6494,0.6965,77.0907
SAN_A01b,008b,Minquartia guianensis,Olacaceae,736772.7544,9668119.763,O,50.6,False,21.22,32.99,50.9,False,3,29.54,50.6,False,O,32.99,measured,1314.933,1314.933,0.7867,1712.953
SAN_A01b,009a,Pouteria gongrijpii,Sapotaceae,736783.7587,9668135.762,O,14.0,False,15.88,19.16,14.3,False,3,13.69,14.0,False,O,19.16,measured,62.9971,62.9971,0.7994,83.3571
SAN_A01b,009b,,,736776.9152,9668117.72,O,36.0,True,,,,True,3,,36.0,True,O,,feldpausch,,,0.6965,
SAN_A01b,010a,Eschweilera micrantha,Lecythidaceae,736789.982,9668138.296,O,42.4,False,,,42.5,False,3,26.93,42.4,False,O,26.93,feldpausch,763.8174,763.8174,0.86,1085.3864
SAN_A01b,010b,Swartzia laevicarpa,Fabaceae,736778.4592,9668106.242,O,43.5,False,,,44.0,False,3,27.43,43.5,False,O,27.43,feldpausch,817.5232,817.5232,0.6125,834.1421
SAN_A01b,011a,,,736785.3295,9668135.154,O,29.7,False,,,30.0,False,3,22.13,29.7,False,O,22.13,feldpausch,314.7626,314.7626,0.6965,364.0733
SAN_A01b,011b,Dialium guianense,Fabaceae,736769.1374,9668104.63,O,52.2,False,20.27,38.51,52.8,False,3,30.07,52.2,False,O,38.51,measured,1625.0745,1625.0745,0.8964,2404.5409
SAN_A01b,012a,,,736789.7688,9668136.548,L,15.7,False,,,16.7,False,3,15.22,15.7,False,L,15.22,feldpausch,62.9352,62.9352,0.6965,72.7946
SAN_A01b,012b,Diospyros artanthifolia,Ebenaceae,736769.9074,9668095.997,O,63.4,False,21.66,34.93,63.0,False,3,32.64,63.4,False,O,34.93,measured,2159.2391,2159.2391,0.6952,2492.8728
SAN_A01b,013a,Eschweilera coriacea,Lecythidaceae,736787.1494,9668134.257,O,52.0,False,17.08,29.87,58.9,False,3,31.67,52.0,False,O,29.87,measured,1258.719,1258.719,0.8521,1772.5711
SAN_A01b,014a,Eschweilera micrantha,Lecythidaceae,736784.5548,9668133.01,O,27.8,False,,,28.0,False,3,21.23,27.8,False,O,21.23,feldpausch,265.668,265.668,0.86,377.515
SAN_A01b,014b,Dipteryx odorata,Fabaceae,736764.2932,9668115.105,O,37.1,False,,,37.1,False,3,25.01,37.1,False,O,25.01,feldpausch,547.5673,547.5673,0.9228,833.4584
SAN_A01b,015a,,,736784.0557,9668129.62,O,26.0,False,,,26.2,False,3,20.38,26.0,False,O,20.38,feldpausch,224.0123,224.0123,0.6965,259.1061
SAN_A01b,015b,Pouteria sp.,Sapotaceae,736759.5326,9668125.4,O,52.0,False,17.39,33.58,39.8,False,3,26.0,52.0,False,O,33.58,measured,1411.0876,1411.0876,0.7187,1683.0056
SAN_A01b,016a,,,736792.4839,9668132.079,O,22.5,False,,,22.6,False,3,18.58,22.5,False,O,18.58,feldpausch,154.351,154.351,0.6965,178.5317
SAN_A01b,016b,Ormosia excelsa,Fabaceae,736751.82,9668128.445,O,36.1,False,,,36.2,False,3,24.67,36.1,False,O,24.67,feldpausch,512.2381,512.2381,0.61,520.5688
SAN_A01b,017a,Dialium guianense,Fabaceae,736793.4621,9668130.075,O,27.0,False,,,27.7,False,3,21.09,27.0,False,O,21.09,feldpausch,249.334,249.334,0.8964,368.927
SAN_A01b,018a,,,736785.4916,9668126.635,O,29.0,False,,,29.9,False,3,22.09,29.0,False,O,22.09,feldpausch,299.9139,299.9139,0.6965,346.8984
SAN_A01b,019a,Pouteria gongrijpii,Sapotaceae,736784.7527,9668121.483,O,25.0,False,,,25.5,False,3,20.05,25.0,False,O,20.05,feldpausch,204.2223,204.2223,0.7994,270.2249
SAN_A01b,020a,,,736791.4415,9668125.406,O,23.3,True,,,,True,3,,23.3,True,O,,feldpausch,,,0.6965,
SAN_A01b,021a,Abarema mataybifolia,Fabaceae,736798.1127,9668122.758,O,25.3,False,,,26.1,False,3,20.34,25.3,False,O,20.34,feldpausch,211.9837,211.9837,0.5668,200.5104
SAN_A01b,022a,Fusaea longifolia,Annonaceae,736795.2839,9668115.252,O,20.8,False,,,21.1,False,3,17.78,20.8,False,O,17.78,feldpausch,126.8393,126.8393,0.7427,156.1971
SAN_A01b,023a,Abarema mataybifolia,Fabaceae,736797.5317,9668115.079,O,24.0,False,,,24.0,False,3,19.3,24.0,False,O,19.3,feldpausch,181.6925,181.6925,0.5668,171.8587
SAN_A01b,024a,Eschweilera coriacea,Lecythidaceae,736795.8173,9668111.913,O,15.0,False,,,15.4,False,3,14.41,15.0,False,O,14.41,feldpausch,54.5817,54.5817,0.8521,76.8638
SAN_A01b,025a,,,736796.4723,9668110.558,O,15.4,False,7.24,10.96,15.4,False,3,14.41,15.4,False,O,10.96,measured,43.9902,43.9902,0.6965,50.8817
SAN_A01b,026a,Eschweilera coriacea,Lecythidaceae,736792.6708,9668111.708,O,18.6,False,,,19.1,False,3,16.65,18.6,False,O,16.65,feldpausch,95.6424,95.6424,0.8521,134.6868
SAN_A01b,027a,Eschweilera micrantha,Lecythidaceae,736790.7789,9668107.763,O,27.3,False,,,27.2,False,3,20.86,27.3,False,O,20.86,feldpausch,252.0583,252.0583,0.86,358.1754
SAN_A01b,028a,Duguetia surinamensis,Annonaceae,736790.2093,9668116.825,O,13.7,False,,,,True,3,,13.7,False,O,,feldpausch,,,0.8,
SAN_A01b,029a,Eschweilera coriacea,Lecythidaceae,736789.6405,9668113.523,O,17.3,False,,,17.5,False,3,15.71,17.3,False,O,15.71,feldpausch,78.4503,78.4503,0.8521,110.4764
SAN_A01b,030a,Nectandra cuspidata,Lauraceae,736786.6999,9668110.655,O,16.1,False,,,16.2,False,3,14.91,16.1,False,O,14.91,feldpausch,64.7887,64.7887,0.518,56.1318
SAN_A01b,031a,Virola elongata,Myristicaceae,736786.6335,9668106.26,O,25.9,False,,,26.2,False,3,20.38,25.9,False,O,20.38,feldpausch,222.3336,222.3336,0.5233,194.5616
SAN_A01b,032a,Pouteria gongrijpii,Sapotaceae,736787.1698,9668105.13,O,17.3,False,,,17.7,False,3,15.83,17.3,False,O,15.83,feldpausch,79.0351,79.0351,0.7994,104.5785
SAN_A01b,033a,,,736779.5416,9668118.944,O,52.2,False,13.71,25.05,52.3,False,3,29.94,52.2,False,O,25.05,measured,1068.0457,1068.0457,0.6965,1235.3656
SAN_A01b,034a,Eschweilera coriacea,Lecythidaceae,736778.7941,9668122.771,O,44.0,False,,,44.6,False,3,27.63,44.0,False,O,27.63,feldpausch,841.9146,841.9146,0.8521,1185.613
SAN_A01b,035a,Micrandra minor,Euphorbiaceae,736777.4999,9668122.126,O,32.5,False,22.1,31.34,32.8,False,3,23.32,32.5,False,O,31.34,measured,527.0473,527.0473,0.41,363.4553
SAN_A01b,036a,Licania guianensis,Chrysobalanaceae,736779.1182,9668128.806,O,17.4,False,,,17.5,False,3,15.71,17.4,False,O,15.71,feldpausch,79.3379,79.3379,0.8165,107.1696
SAN_A01b,037a,Pouteria gongrijpii,Sapotaceae,736775.3285,9668134.529,O,16.4,False,,,16.6,False,3,15.16,16.4,False,O,15.16,feldpausch,68.265,68.265,0.7994,90.3276
SAN_A01b,038a,Licania octandra,Chrysobalanaceae,736772.5637,9668133.664,O,45.6,False,,,45.8,False,3,28.01,45.6,False,O,28.01,feldpausch,914.8242,914.8242,0.825,1248.3061
SAN_A01b,039a,Ocotea cernua,Lauraceae,736771.8625,9668137.37,O,14.0,False,,,14.2,False,3,13.62,14.0,False,O,13.62,feldpausch,45.1502,45.1502,0.4535,34.3561
SAN_A01b,040a,,,736773.5157,9668138.335,O,13.1,True,,,,True,3,,13.1,True,O,,feldpausch,,,0.6965,
SAN_A01b,041a,Pouteria gongrijpii,Sapotaceae,736774.1776,9668139.162,O,44.9,False,,,,True,3,,44.9,False,O,,feldpausch,,,0.7994,
SAN_A01b,042a,,,736768.2729,9668144.93,O,14.7,False,,,14.0,False,3,13.49,14.7,False,O,13.49,feldpausch,49.1989,49.1989,0.6965,56.9064
SAN_A01b,043a,Pouteria gongrijpii,Sapotaceae,736772.3714,9668145.153,O,30.2,False,20.43,32.36,30.4,False,3,22.3,30.2,False,O,32.36,measured,471.197,471.197,0.7994,623.4832
SAN_A01b,044a,Ocotea cernua,Lauraceae,736768.6073,9668146.436,O,16.8,False,,,17.5,False,3,15.71,16.8,False,O,15.71,feldpausch,74.0854,74.0854,0.4535,56.3737
SAN_A01b,045a,,,736785.6137,9668141.8,L,,,,,10.5,False,3,11.0,,False,L,11.0,feldpausch,,,0.6965,
SAN_A01b,001a,Pouteria reticulata,Sapotaceae,736646.5736,9668385.721,O,23.2,False,16.42,24.51,23.2,False,4,18.89,23.2,False,O,24.51,measured,214.7298,214.7298,0.794,282.2549
SAN_A01b,001b,Copaifera reticulata,Fabaceae,736635.5791,9668378.711,O,38.4,False,,,38.9,False,4,25.68,38.4,False,O,25.68,feldpausch,600.9523,600.9523,0.6075,608.2828
SAN_A01b,002a,Minquartia guianensis,Olacaceae,736648.0632,9668381.437,O,29.5,False,,,30.0,False,4,22.13,29.5,False,O,22.13,feldpausch,310.6384,310.6384,0.7867,404.6662
SAN_A01b,002b,Pouteria guianensis,Sapotaceae,736631.4332,9668371.763,O,40.4,False,,,,True,4,,40.4,False,O,,feldpausch,,,0.9295,
SAN_A01b,003a,Pouteria gongrijpii,Sapotaceae,736651.7312,9668388.843,O,25.8,False,,,26.2,False,4,20.38,25.8,False,O,20.38,feldpausch,220.661,220.661,0.7994,291.9764
SAN_A01b,003b,Cassia fastuosa,Fabaceae,736630.5883,9668362.653,O,45.0,False,,,,True,4,,45.0,False,O,,feldpausch,,,0.805,
SAN_A01b,004a,Lecythis idatimon,Lecythidaceae,736655.169,9668389.102,O,12.7,False,,,13.1,False,4,12.88,12.7,False,O,12.88,feldpausch,35.3479,35.3479,0.7986,46.7246
SAN_A01b,004b,Pouteria guianensis,Sapotaceae,736636.2568,9668360.913,O,47.0,False,,,48.8,False,4,28.93,47.0,False,O,28.93,feldpausch,1001.548,1001.548,0.9295,1535.3506
SAN_A01b,005a,Goupia glabra,Goupiaceae,736656.7108,9668387.677,O,71.0,False,,,70.0,False,4,34.15,71.0,False,O,34.15,feldpausch,2634.5492,2634.5492,0.7272,3178.3198
SAN_A01b,005b,Manilkara bidentata,Sapotaceae,736651.3381,9668355.889,O,39.6,False,15.68,25.34,39.9,False,4,26.04,39.6,False,O,25.34,measured,629.9077,629.9077,0.8729,908.2363
SAN_A01b,006a,Eschweilera coriacea,Lecythidaceae,736654.0263,9668383.421,O,24.4,False,,,24.8,False,4,19.7,24.4,False,O,19.7,feldpausch,191.4453,191.4453,0.8521,269.5998
SAN_A01b,006b,,,736650.8478,9668352.446,O,38.4,False,17.78,24.09,37.5,False,4,25.16,38.4,False,O,24.09,measured,564.6092,564.6092,0.6965,653.0608
SAN_A01b,007a,Lecythis idatimon,Lecythidaceae,736653.0625,9668377.313,O,12.0,False,,,12.7,False,4,12.6,12.0,False,O,12.6,feldpausch,30.9731,30.9731,0.7986,40.9418
SAN_A01b,007b,Nectandra cuspidata,Lauraceae,736650.8489,9668343.627,O,38.8,False,,,40.3,False,4,26.18,38.8,False,O,26.18,feldpausch,624.8828,624.8828,0.518,541.3882
SAN_A01b,008a,Tetragastris panamensis,Burseraceae,736651.2226,9668374.42,O,21.0,False,,,21.3,False,4,17.88,21.0,False,O,17.88,feldpausch,129.9402,129.9402,0.7173,154.6862
SAN_A01b,008b,,,736630.9366,9668328.389,O,42.5,True,,,,True,4,,42.5,True,O,,feldpausch,,,0.6965,
SAN_A01b,009a,Theobroma subincanum,Malvaceae,736656.3811,9668377.857,O,11.6,False,,,,True,4,,11.6,False,O,,feldpausch,,,0.47,
SAN_A01b,009b,Inga alba,Fabaceae,736632.5529,9668347.569,O,54.8,False,22.36,31.65,57.0,False,4,31.19,54.8,False,O,31.65,measured,1475.452,1475.452,0.5861,1442.1084
SAN_A01b,010a,Sacoglottis guianensis,Humiriaceae,736660.696,9668380.685,O,14.4,False,,,14.4,False,4,13.76,14.4,False,O,13.76,feldpausch,48.181,48.181,0.8359,66.5888
SAN_A01b,010b,Tetragastris altissima,Burseraceae,736626.3332,9668366.308,O,58.7,False,25.7,38.52,61.3,False,4,32.25,58.7,False,O,38.52,measured,2043.9585,2043.9585,0.7079,2401.8361
SAN_A01b,011a,Pouteria gongrijpii,Sapotaceae,736658.8598,9668375.914,O,44.6,False,,,13.3,False,4,13.02,44.6,False,O,13.02,feldpausch,414.7846,414.7846,0.7994,548.8388
SAN_A01b,011b,Pouteria gongrijpii,Sapotaceae,736624.2631,9668370.239,O,42.0,False,,,42.3,False,4,26.87,42.0,False,O,26.87,feldpausch,748.1842,748.1842,0.7994,989.9898
SAN_A01b,012a,Eschweilera coriacea,Lecythidaceae,736653.2496,9668369.167,O,16.0,False,,,16.5,False,4,15.1,16.0,False,O,15.1,feldpausch,64.8014,64.8014,0.8521,91.2555
SAN_A01b,012b,Pouteria guianensis,Sapotaceae,736625.0805,9668372.951,O,38.7,False,,,39.6,False,4,25.93,38.7,False,O,25.93,feldpausch,615.9476,615.9476,0.9295,944.2338
SAN_A01b,013a,Licania octandra,Chrysobalanaceae,736661.2521,9668368.293,O,10.9,False,,,17.8,False,4,15.89,10.9,False,O,15.89,feldpausch,32.1969,32.1969,0.825,43.9337
SAN_A01b,014a,Pouteria gongrijpii,Sapotaceae,736665.9543,9668373.826,O,12.5,False,,,13.7,False,4,13.29,12.5,False,O,13.29,feldpausch,35.3337,35.3337,0.7994,46.7532
SAN_A01b,015a,Manilkara huberi,Sapotaceae,736665.4946,9668367.573,O,32.5,False,20.89,31.4,34.1,False,4,23.85,32.5,False,O,31.4,measured,528.0321,528.0321,0.9214,802.5451
SAN_A01b,016a,Licania guianensis,Chrysobalanaceae,736658.5497,9668362.611,O,13.0,False,,,13.5,False,4,13.15,13.0,False,O,13.15,feldpausch,37.7528,37.7528,0.8165,50.9965
SAN_A01b,017a,Tetragastris panamensis,Burseraceae,736659.031,9668361.836,O,26.3,False,,,,True,4,,26.3,False,O,,feldpausch,,,0.7173,
SAN_A01b,018a,Eschweilera parviflora,Lecythidaceae,736659.8863,9668361.473,O,17.4,False,,,18.1,False,4,16.07,17.4,False,O,16.07,feldpausch,81.1119,81.1119,0.918,122.8409
SAN_A01b,019a,Pouteria guianensis,Sapotaceae,736669.9128,9668362.728,O,17.5,False,,,18.3,False,4,16.19,17.5,False,O,16.19,feldpausch,82.622,82.622,0.9295,126.6577
SAN_A01b,020a,Minquartia guianensis,Olacaceae,736673.4386,9668362.658,O,17.1,False,,,16.6,False,4,15.16,17.1,False,O,15.16,feldpausch,74.0682,74.0682,0.7867,96.488
SAN_A01b,021a,Pouteria gongrijpii,Sapotaceae,736674.7177,9668360.323,O,34.0,False,,,33.9,False,4,23.77,34.0,False,O,23.77,feldpausch,439.4526,439.4526,0.7994,581.4792
SAN_A01b,022a,Pouteria reticulata,Sapotaceae,736672.3417,9668358.993,O,41.8,False,21.42,28.94,41.7,False,4,26.66,41.8,False,O,28.94,measured,796.9285,796.9285,0.794,1047.535
SAN_A01b,023a,,,736675.2637,9668356.509,O,11.3,False,,,11.4,False,4,11.67,11.3,False,O,11.67,feldpausch,25.5582,25.5582,0.6965,29.5622
SAN_A01b,024a,Lecythis lurida,Lecythidaceae,736678.8504,9668354.045,O,55.5,False,23.47,42.56,57.0,False,4,31.19,55.5,False,O,42.56,measured,2019.4178,2019.4178,0.8633,2880.4529
SAN_A01b,025a,,,736677.3047,9668353.386,L,12.2,False,,,13.6,False,4,13.22,12.2,False,L,13.22,feldpausch,33.5241,33.5241,0.6965,38.776
SAN_A01b,026a,Eschweilera micrantha,Lecythidaceae,736672.9907,9668349.873,O,25.6,False,,,26.2,False,4,20.38,25.6,False,O,20.38,feldpausch,217.3344,217.3344,0.86,308.8327
SAN_A01b,027a,Protium paniculatum,Burseraceae,736668.1229,9668347.182,O,12.4,False,,,12.7,False,4,12.6,12.4,False,O,12.6,feldpausch,33.0203,33.0203,0.49,27.098
SAN_A01b,028a,Minquartia guianensis,Olacaceae,736679.4549,9668348.055,O,59.0,False,12.55,23.61,59.7,False,4,31.86,59.0,False,O,23.61,measured,1280.2816,1280.2816,0.7867,1667.8128
SAN_A01b,029a,Pouteria gongrijpii,Sapotaceae,736676.2837,9668346.787,O,59.8,False,17.63,35.33,60.0,False,4,31.94,59.8,False,O,35.33,measured,1947.9132,1947.9132,0.7994,2577.4591
SAN_A01b,030a,Tetragastris panamensis,Burseraceae,736662.8401,9668342.981,O,15.8,False,,,16.0,False,4,14.79,15.8,False,O,14.79,feldpausch,61.9624,61.9624,0.7173,73.7626
SAN_A01b,031a,,,736659.7864,9668345.917,O,87.0,False,24.77,44.41,89.4,False,4,37.52,87.0,False,O,44.41,measured,5062.249,5062.249,0.6965,5855.3
SAN_A01b,032a,,,736657.2736,9668348.628,O,29.1,False,,,29.5,False,4,21.91,29.1,False,O,21.91,feldpausch,299.5344,299.5344,0.6965,346.4595
SAN_A01b,033a,Lecythis idatimon,Lecythidaceae,736653.7943,9668353.855,O,11.1,False,,,11.6,False,4,11.82,11.1,False,O,11.82,feldpausch,24.9923,24.9923,0.7986,33.0361
SAN_A01b,034a,Protium paniculatum,Burseraceae,736664.0613,9668351.645,O,16.0,False,,,17.4,False,4,15.65,16.0,False,O,15.65,feldpausch,67.1041,67.1041,0.49,55.0687
SAN_A01b,035a,Miconia poeppigii,Melastomataceae,736665.9301,9668350.716,O,10.6,False,,,10.8,False,4,11.23,10.6,False,O,11.23,feldpausch,21.7284,21.7284,0.5967,21.6106
SAN_A01b,036a,Caryocar glabrum,Caryocaraceae,736658.1118,9668359.24,O,15.9,False,,,16.3,False,4,14.98,15.9,False,O,14.98,feldpausch,63.5166,63.5166,0.6536,69.0459
SAN_A01b,037a,,,736651.2695,9668360.209,O,67.7,True,,,,True,4,,67.7,True,O,,feldpausch,,,0.6965,
SAN_A01b,038a,Eschweilera coriacea,Lecythidaceae,736653.2417,9668365.158,O,10.7,False,,,10.9,False,4,11.3,10.7,False,O,11.3,feldpausch,22.265,22.265,0.8521,31.3543
SAN_A01b,039a,Licania guianensis,Chrysobalanaceae,736650.2345,9668372.079,O,52.4,False,23.88,31.48,53.5,False,4,30.27,52.4,False,O,31.48,measured,1344.8605,1344.8605,0.8165,1816.6369
SAN_A01b,040a,Lecythis idatimon,Lecythidaceae,736646.7377,9668375.819,O,12.7,False,,,13.0,False,4,12.81,12.7,False,O,12.81,feldpausch,35.1604,35.1604,0.7986,46.4768
SAN_A01b,041a,Micrandra minor,Euphorbiaceae,736646.3822,9668374.429,O,47.7,False,19.6,36.43,49.0,False,4,28.99,47.7,False,O,36.43,measured,1290.9598,1290.9598,0.41,890.2544
SAN_A01b,042a,Pouteria gongrijpii,Sapotaceae,736642.9612,9668376.141,O,21.6,False,,,21.5,False,4,17.99,21.6,False,O,17.99,feldpausch,138.1099,138.1099,0.7994,182.7456
SAN_A01b,043a,Eschweilera coriacea,Lecythidaceae,736642.5751,9668382.642,O,65.0,False,22.84,35.65,65.2,False,4,33.14,65.0,False,O,35.65,measured,2312.4783,2312.4783,0.8521,3256.511
SAN_A01b,044a,,,736642.315,9668383.068,L,14.0,False,,,14.3,False,4,13.69,14.0,False,L,13.69,feldpausch,45.3766,45.3766,0.6965,52.4853
SAN_A01b,045a,Lacunaria jenmanii,Ochnaceae,736641.2788,9668382.843,O,11.6,False,,,11.9,False,4,12.03,11.6,False,O,12.03,feldpausch,27.7091,27.7091,0.8043,36.8852
SAN_A01b,046a,,,736640.0423,9668382.954,L,14.7,False,,,15.2,False,4,14.28,14.7,False,L,14.28,feldpausch,52.009,52.009,0.6965,60.1568
SAN_A01b,047a,,,736639.7377,9668381.907,L,13.0,False,,,13.7,False,4,13.29,13.0,False,L,13.29,feldpausch,38.1451,38.1451,0.6965,44.1209
SAN_A01b,048a,Zygia racemosa,Fabaceae,736654.2603,9668364.911,O,,,,,10.2,False,4,10.78,,False,O,10.78,feldpausch,,,0.748,
SAN_A01b,049a,Rinorea guianensis,Violaceae,736657.6946,9668371.538,O,,,,,10.1,False,4,10.7,,False,O,10.7,feldpausch,,,0.78,
SAN_A01b,050a,Pouteria gongrijpii,Sapotaceae,736661.8231,9668362.216,O,,,,,10.0,False,4,10.62,,False,O,10.62,feldpausch,,,0.7994,
SAN_A01b,051a,,,736664.6811,9668375.569,L,,,,,10.0,False,4,10.62,,False,L,10.62,feldpausch,,,0.6965,
SAN_A01b,052a,Luehea speciosa,Malvaceae,736668.3058,9668359.643,O,,,,,36.6,False,4,24.82,,False,O,24.82,feldpausch,,,0.5766,
SAN_A01b,001a,Rinorea guianensis,Violaceae,736531.4458,9668608.223,O,17.1,False,6.23,13.99,17.7,False,5,15.83,17.1,False,O,13.99,measured,68.4837,68.4837,0.78,88.47
SAN_A01b,001b,Protium hebetatum,Burseraceae,736514.3737,9668601.693,O,39.2,False,,,43.3,False,5,27.2,39.2,False,O,27.2,feldpausch,661.7506,661.7506,0.5773,637.3138
SAN_A01b,002a,Protium paniculatum,Burseraceae,736528.635,9668604.919,O,10.8,False,,,11.8,False,5,11.96,10.8,False,O,11.96,feldpausch,23.9646,23.9646,0.49,19.6664
SAN_A01b,002b,Eschweilera apiculata,Lecythidaceae,736513.4993,9668597.701,O,42.7,False,,,43.4,False,5,27.23,42.7,False,O,27.23,feldpausch,782.8209,782.8209,0.8314,1076.2585
SAN_A01b,003a,Aniba parviflora,Lauraceae,736532.7356,9668601.226,O,57.8,False,14.14,23.91,60.9,False,5,32.15,57.8,False,O,23.91,measured,1245.1954,1245.1954,0.54,1123.5132
SAN_A01b,003b,Geissospermum sericeum,Apocynaceae,736515.1573,9668595.276,O,42.3,False,,,41.4,False,5,26.56,42.3,False,O,26.56,feldpausch,750.1078,750.1078,0.7823,971.8483
SAN_A01b,004a,,,736533.5871,9668601.671,O,10.2,True,,,,True,5,,10.2,True,O,,feldpausch,,,0.6965,
SAN_A01b,004b,Pouteria guianensis,Sapotaceae,736515.772,9668585.053,O,39.3,False,,,39.5,False,5,25.89,39.3,False,O,25.89,feldpausch,633.7702,633.7702,0.9295,971.5555
SAN_A01b,005a,Pouteria sp.,Sapotaceae,736534.3516,9668602.297,O,10.7,False,,,10.8,False,5,11.23,10.7,False,O,11.23,feldpausch,22.1304,22.1304,0.7187,26.3949
SAN_A01b,005b,Eschweilera apiculata,Lecythidaceae,736527.6455,9668586.093,O,38.5,False,,,38.8,False,5,25.64,38.5,False,O,25.64,feldpausch,603.0926,603.0926,0.8314,829.1597
SAN_A01b,006a,Rinorea guianensis,Violaceae,736536.6221,9668604.28,O,18.1,False,,,18.0,False,5,16.01,18.1,False,O,16.01,feldpausch,87.2841,87.2841,0.78,112.7571
SAN_A01b,006b,Tachigali myrmecophila,Fabaceae,736527.0407,9668580.8,O,47.0,False,17.22,27.01,49.3,False,5,29.08,47.0,False,O,27.01,measured,936.6206,936.6206,0.476,747.1924
SAN_A01b,007a,Rinorea guianensis,Violaceae,736536.751,9668595.325,O,12.5,False,,,12.5,False,5,12.46,12.5,False,O,12.46,feldpausch,33.1783,33.1783,0.78,42.8611
SAN_A01b,007b,Pouteria gongrijpii,Sapotaceae,736503.3708,9668578.781,O,48.6,False,,,50.3,False,5,29.37,48.6,False,O,29.37,feldpausch,1085.048,1085.048,0.7994,1435.7245
SAN_A01b,008a,Rinorea guianensis,Violaceae,736533.3633,9668593.934,O,16.0,False,,,15.9,False,5,14.73,16.0,False,O,14.73,feldpausch,63.2512,63.2512,0.78,81.7104
SAN_A01b,008b,Maytenus myrsinoides,Celastraceae,736519.0146,9668583.548,O,38.0,False,12.62,24.1,38.0,False,5,25.35,38.0,False,O,24.1,measured,553.4099,553.4099,0.75,688.0675
SAN_A01b,009a,Eschweilera coriacea,Lecythidaceae,736540.0571,9668594.762,O,16.4,False,,,16.6,False,5,15.16,16.4,False,O,15.16,feldpausch,68.265,68.265,0.8521,96.1332
SAN_A01b,009b,Geissospermum sericeum,Apocynaceae,736503.265,9668582.617,O,36.9,False,,,37.0,False,5,24.98,36.9,False,O,24.98,feldpausch,541.1858,541.1858,0.7823,701.1665
SAN_A01b,010a,Eschweilera ovata,Lecythidaceae,736532.7937,9668591.2,O,15.5,False,,,14.8,False,5,14.02,15.5,False,O,14.02,feldpausch,56.6519,56.6519,0.9,84.1549
SAN_A01b,010b,Aniba parviflora,Lauraceae,736495.9962,9668586.641,O,37.3,False,23.19,31.17,37.2,False,5,25.05,37.3,False,O,31.17,measured,685.9989,685.9989,0.54,618.9622
SAN_A01b,011a,Eschweilera coriacea,Lecythidaceae,736532.6246,9668591.137,O,15.5,False,,,14.2,False,5,13.62,15.5,False,O,13.62,feldpausch,55.0738,55.0738,0.8521,77.5568
SAN_A01b,012a,Brosimum acutifolium,Moraceae,736542.0332,9668590.592,O,60.5,False,27.62,40.11,62.4,False,5,32.5,60.5,False,O,40.11,measured,2255.3907,2255.3907,0.6403,2403.0732
SAN_A01b,013a,Rinorea guianensis,Violaceae,736537.407,9668588.181,O,17.0,False,,,27.4,False,5,20.95,17.0,False,O,20.95,feldpausch,100.409,100.409,0.78,129.7123
SAN_A01b,015a,Eschweilera coriacea,Lecythidaceae,736544.9113,9668584.518,O,40.8,False,,,41.2,False,5,26.49,40.8,False,O,26.49,feldpausch,697.2641,697.2641,0.8521,981.9112
SAN_A01b,016a,Pouteria gongrijpii,Sapotaceae,736543.0344,9668582.724,O,11.7,False,,,11.1,False,5,11.45,11.7,False,O,11.45,feldpausch,26.8506,26.8506,0.7994,35.5284
SAN_A01b,017a,Rinorea guianensis,Violaceae,736545.2704,9668580.026,O,22.8,False,11.15,19.79,23.2,False,5,18.89,22.8,False,O,19.79,measured,168.4537,168.4537,0.78,217.6152
SAN_A01b,018a,Rinorea guianensis,Violaceae,736543.6041,9668579.79,O,29.1,False,,,28.2,False,5,21.32,29.1,False,O,21.32,feldpausch,291.6595,291.6595,0.78,376.7774
SAN_A01b,019a,Eschweilera coriacea,Lecythidaceae,736539.7209,9668578.612,O,12.6,False,,,13.5,False,5,13.15,12.6,False,O,13.15,feldpausch,35.5186,35.5186,0.8521,50.0185
SAN_A01b,020a,Protium paniculatum,Burseraceae,736538.7229,9668577.16,O,21.5,False,,,21.3,False,5,17.88,21.5,False,O,17.88,feldpausch,136.0477,136.0477,0.49,111.647
SAN_A01b,021a,Rinorea guianensis,Violaceae,736541.1541,9668576.007,O,22.0,False,,,18.8,False,5,16.48,22.0,False,O,16.48,feldpausch,131.4075,131.4075,0.78,169.7574
SAN_A01b,022a,Nectandra cuspidata,Lauraceae,736546.4657,9668575.842,O,10.5,False,,,11.3,False,5,11.6,10.5,False,O,11.6,feldpausch,22.0157,22.0157,0.518,19.0741
SAN_A01b,023a,Casearia grandiflora,Salicaceae,736540.1832,9668573.062,O,10.9,False,,,11.8,False,5,11.96,10.9,False,O,11.96,feldpausch,24.3996,24.3996,0.77,31.1259
SAN_A01b,024a,Eschweilera micrantha,Lecythidaceae,736538.6575,9668572.688,O,12.4,False,,,14.0,False,5,13.49,12.4,False,O,13.49,feldpausch,35.2949,35.2949,0.86,50.1541
SAN_A01b,025a,Guarea guidonia,Meliaceae,736546.3935,9668569.475,O,20.4,False,11.04,15.38,20.9,False,5,17.67,20.4,False,O,15.38,measured,106.0054,106.0054,0.5651,99.9832
SAN_A01b,026a,,,736549.4218,9668568.315,O,14.2,False,,,15.0,False,5,14.15,14.2,False,O,14.15,feldpausch,48.1799,48.1799,0.6965,55.7277
SAN_A01b,027a,Protium hebetatum,Burseraceae,736543.6384,9668565.683,O,34.8,False,,,35.0,False,5,24.21,34.8,False,O,24.21,feldpausch,468.1686,468.1686,0.5773,450.8803
SAN_A01b,028a,Miconia poeppigii,Melastomataceae,736543.2727,9668563.611,O,26.0,False,,,,True,5,,26.0,False,O,,feldpausch,,,0.5967,
SAN_A01b,029a,Abarema jupunba,Fabaceae,736542.1936,9668566.069,O,14.0,False,,,15.0,False,5,14.15,14.0,False,O,14.15,feldpausch,46.8642,46.8642,0.5851,45.7312
SAN_A01b,030a,,,736537.9512,9668573.873,O,26.9,False,,,26.9,False,5,20.72,26.9,False,O,20.72,feldpausch,243.2952,243.2952,0.6965,281.4098
SAN_A01b,031a,Eschweilera ovata,Lecythidaceae,736531.9124,9668581.587,O,17.5,False,,,17.9,False,5,15.95,17.5,False,O,15.95,feldpausch,81.4264,81.4264,0.9,120.9568
SAN_A01b,032a,Sacoglottis guianensis,Humiriaceae,736539.7149,9668582.012,O,18.6,False,,,,True,5,,18.6,False,O,,feldpausch,,,0.8359,
SAN_A01b,033a,,,736537.7014,9668584.012,O,37.5,False,,,34.7,False,5,24.09,37.5,False,O,24.09,feldpausch,539.0666,539.0666,0.6965,623.5167
SAN_A01b,034a,Protium paniculatum,Burseraceae,736536.2812,9668584.862,O,12.5,False,,,12.7,False,5,12.6,12.5,False,O,12.6,feldpausch,33.5421,33.5421,0.49,27.5262
SAN_A01b,035a,Neea oppositifolia,Nyctaginaceae,736535.2818,9668584.924,O,14.9,False,,,15.4,False,5,14.41,14.9,False,O,14.41,feldpausch,53.8736,53.8736,0.893,79.4203
SAN_A01b,036a,,,736535.2779,9668586.686,L,15.3,False,,,15.6,False,5,14.54,15.3,False,L,14.54,feldpausch,57.2323,57.2323,0.6965,66.1983
SAN_A01b,037a,Sacoglottis guianensis,Humiriaceae,736534.9435,9668587.293,O,44.6,False,16.59,22.69,44.6,False,5,27.63,44.6,False,O,22.69,measured,713.2747,713.2747,0.8359,985.7847
SAN_A01b,038a,Pouteria gongrijpii,Sapotaceae,736534.3702,9668588.335,O,11.7,False,,,11.8,False,5,11.96,11.7,False,O,11.96,feldpausch,28.0172,28.0172,0.7994,37.0721
SAN_A01b,039a,,,736527.4673,9668589.73,O,34.8,False,,,35.0,False,5,24.21,34.8,False,O,24.21,feldpausch,468.1686,468.1686,0.6965,541.5118
SAN_A01b,040a,Virola michelii,Myristicaceae,736524.469,9668591.696,O,19.2,False,,,19.4,False,5,16.83,19.2,False,O,16.83,feldpausch,102.8307,102.8307,0.4701,81.0452
SAN_A01b,041a,Neea oppositifolia,Nyctaginaceae,736528.2334,9668593.761,O,10.0,False,,,9.9,False,5,10.55,10.0,False,O,10.55,feldpausch,18.2455,18.2455,0.893,26.8974
SAN_A01b,042a,Eschweilera ovata,Lecythidaceae,736529.2914,9668595.636,O,13.2,False,,,13.7,False,5,13.29,13.2,False,O,13.29,feldpausch,39.299,39.299,0.9,58.3776
SAN_A01b,043a,Nectandra cuspidata,Lauraceae,736529.0016,9668596.154,O,18.6,False,19.96,28.17,18.5,False,5,16.31,18.6,False,O,28.17,measured,159.7872,159.7872,0.518,138.437
SAN_A01b,044a,,,736529.2106,9668597.711,O,22.0,True,,,,True,5,,22.0,True,O,,feldpausch,,,0.6965,
SAN_A01b,045a,Quiina florida,Ochnaceae,736520.437,9668599.472,O,41.7,False,,,42.0,False,5,26.77,41.7,False,O,26.77,feldpausch,735.1079,735.1079,0.728,887.8011
SAN_A01b,047a,,,736521.6165,9668605.223,O,14.5,True,,,,True,5,,14.5,True,O,,feldpausch,,,0.6965,
SAN_A01b,048a,Inga thibaudiana,Fabaceae,736546.8606,9668568.598,O,,,,,10.5,False,5,11.0,,False,O,11.0,feldpausch,,,0.5786,
SAN_A01b,049a,Maquira coriacea,Moraceae,736544.7503,9668567.992,O,,,,,10.1,False,5,10.7,,False,O,10.7,feldpausch,,,0.5112,
SAN_A01b,001a,Alibertia edulis,Rubiaceae,736420.5893,9668894.714,O,21.5,False,,,21.5,False,6,17.99,21.5,False,O,17.99,feldpausch,136.8646,136.8646,0.76,172.381
SAN_A01b,001b,Couratari stellata,Lecythidaceae,736409.7574,9668883.372,O,104.0,False,36.44,48.17,102.3,False,6,39.25,104.0,False,O,48.17,measured,7764.2547,7764.2547,0.6331,8182.5718
SAN_A01b,002a,Rinorea guianensis,Violaceae,736422.253,9668892.173,O,12.2,False,,,12.7,False,6,12.6,12.2,False,O,12.6,feldpausch,31.9887,31.9887,0.78,41.3243
SAN_A01b,002b,Cecropia ficifolia,Urticaceae,736412.9877,9668870.76,O,38.1,False,,,38.2,False,6,25.42,38.1,False,O,25.42,feldpausch,585.973,585.973,0.266,264.9027
SAN_A01b,003a,Eschweilera ovata,Lecythidaceae,736418.1426,9668889.278,O,15.2,False,,,15.1,False,6,14.21,15.2,False,O,14.21,feldpausch,55.2524,55.2524,0.9,82.076
SAN_A01b,003b,,,736419.9646,9668861.201,O,49.8,True,,,,True,6,,49.8,True,O,,feldpausch,,,0.6965,
SAN_A01b,004a,Rinorea guianensis,Violaceae,736419.5412,9668888.997,O,10.1,False,,,10.9,False,6,11.3,10.1,False,O,11.3,feldpausch,19.893,19.893,0.78,25.6986
SAN_A01b,004b,,,736419.8982,9668861.292,O,49.0,True,,,,True,6,,49.0,True,O,,feldpausch,,,0.6965,
SAN_A01b,005a,,,736420.1177,9668888.138,O,18.1,False,,,18.9,False,6,16.54,18.1,False,O,16.54,feldpausch,90.1031,90.1031,0.6965,104.2187
SAN_A01b,005b,Pouteria gongrijpii,Sapotaceae,736419.23,9668858.991,O,38.0,False,15.47,26.71,40.1,False,6,26.11,38.0,False,O,26.71,measured,611.8317,611.8317,0.7994,809.5696
SAN_A01b,006a,,,736419.3046,9668883.655,O,36.6,True,,,,True,6,,36.6,True,O,,feldpausch,,,0.6965,
SAN_A01b,006b,Aniba canelilla,Lauraceae,736421.3474,9668851.711,O,38.0,False,,,38.3,False,6,25.46,38.0,False,O,25.46,feldpausch,583.8699,583.8699,0.9524,916.6022
SAN_A01b,007a,Virola michelii,Myristicaceae,736430.867,9668886.145,O,12.9,False,9.86,10.17,13.0,False,6,12.81,12.9,False,O,10.17,measured,28.9386,28.9386,0.4701,22.8077
SAN_A01b,007b,Maytenus myrsinoides,Celastraceae,736424.883,9668855.253,O,48.5,False,,,49.0,False,6,28.99,48.5,False,O,28.99,feldpausch,1067.0452,1067.0452,0.75,1326.6825
SAN_A01b,008a,,,736425.2729,9668885.582,O,10.2,True,,,,True,6,,10.2,True,O,,feldpausch,,,0.6965,
SAN_A01b,008b,Caryocar glabrum,Caryocaraceae,736429.9858,9668855.151,O,50.8,False,22.83,34.15,52.5,False,6,29.99,50.8,False,O,34.15,measured,1370.5535,1370.5535,0.6536,1489.8632
SAN_A01b,009a,Protium paniculatum,Burseraceae,736424.0278,9668883.72,O,11.6,False,,,12.1,False,6,12.18,11.6,False,O,12.18,feldpausch,28.0462,28.0462,0.49,23.016
SAN_A01b,009b,Luehea speciosa,Malvaceae,736429.0131,9668853.501,O,35.4,False,23.65,33.79,35.9,False,6,24.56,35.4,False,O,33.79,measured,670.2122,670.2122,0.5766,644.658
SAN_A01b,010a,Pouteria oppositifolia,Sapotaceae,736424.2112,9668882.033,O,24.9,False,,,25.6,False,6,20.09,24.9,False,O,20.09,feldpausch,203.0253,203.0253,0.65,219.522
SAN_A01b,010b,,,736429.9138,9668840.234,O,48.5,True,,,,True,6,,48.5,True,O,,feldpausch,,,0.6965,
SAN_A01b,011a,Tetragastris panamensis,Burseraceae,736424.4285,9668879.959,O,13.4,False,,,14.2,False,6,13.62,13.4,False,O,13.62,feldpausch,41.4502,41.4502,0.7173,49.344
SAN_A01b,011b,Pradosia cochlearia,Sapotaceae,736434.649,9668835.077,O,50.5,False,22.76,30.01,50.6,False,6,29.45,50.5,False,O,30.01,measured,1194.255,1194.255,0.73,1446.1874
SAN_A01b,012a,Pouteria retinervis,Sapotaceae,736423.1403,9668878.384,O,31.2,False,,,30.7,False,6,22.43,31.2,False,O,22.43,feldpausch,351.1234,351.1234,0.7187,418.7853
SAN_A01b,012b,Pouteria cladantha,Sapotaceae,736432.3895,9668832.168,O,60.0,False,22.31,36.39,59.5,False,6,31.81,60.0,False,O,36.39,measured,2018.043,2018.043,0.9423,3135.2952
SAN_A01b,013a,,,736428.3524,9668877.587,O,11.3,False,,,11.8,False,6,11.96,11.3,False,O,11.96,feldpausch,26.1779,26.1779,0.6965,30.279
SAN_A01b,013b,,,736410.2475,9668835.576,O,66.4,True,,,,True,6,,66.4,True,O,,feldpausch,,,0.6965,
SAN_A01b,014a,,,736428.9223,9668878.47,O,12.5,False,,,13.1,False,6,12.88,12.5,False,O,12.88,feldpausch,34.2694,34.2694,0.6965,39.6381
SAN_A01b,014b,Minquartia guianensis,Olacaceae,736418.3625,9668850.696,O,59.9,False,18.98,26.54,61.8,False,6,32.36,59.9,False,O,26.54,measured,1478.1726,1478.1726,0.7867,1925.6039
SAN_A01b,015a,Eschweilera ovata,Lecythidaceae,736431.6953,9668879.503,O,12.2,False,,,13.6,False,6,13.22,12.2,False,O,13.22,feldpausch,33.5241,33.5241,0.9,49.7992
SAN_A01b,015b,Carapa guianensis,Meliaceae,736410.972,9668857.28,O,37.4,False,,,37.1,False,6,25.01,37.4,False,O,25.01,feldpausch,556.2436,556.2436,0.53,492.8136
SAN_A01b,016a,Pouteria gongrijpii,Sapotaceae,736431.6804,9668877.773,O,11.5,False,8.9,14.04,11.7,False,6,11.89,11.5,False,O,14.04,measured,31.6791,31.6791,0.7994,41.9175
SAN_A01b,016b,Dipteryx odorata,Fabaceae,736401.6139,9668848.987,O,49.2,False,,,47.7,False,6,28.6,49.2,False,O,28.6,feldpausch,1082.9037,1082.9037,0.9228,1648.2999
SAN_A01b,017a,,,736432.2349,9668876.926,O,16.3,False,,,16.8,False,6,15.29,16.3,False,O,15.29,feldpausch,68.0194,68.0194,0.6965,78.6753
SAN_A01b,017b,Pouteria cladantha,Sapotaceae,736395.7199,9668861.028,O,69.4,False,24.13,39.6,72.6,False,6,34.67,69.4,False,O,39.6,measured,2911.6883,2911.6883,0.9423,4523.6907
SAN_A01b,018a,,,736429.9189,9668873.522,O,13.0,False,,,13.3,False,6,13.02,13.0,False,O,13.02,feldpausch,37.3885,37.3885,0.6965,43.2458
SAN_A01b,018b,Dimorphandra macrostachya,Fabaceae,736403.49,9668867.078,O,42.7,False,,,43.0,False,6,27.1,42.7,False,O,27.1,feldpausch,779.1731,779.1731,0.695,899.364
SAN_A01b,019a,Protium paniculatum,Burseraceae,736428.0059,9668869.569,O,12.7,False,,,13.1,False,6,12.88,12.7,False,O,12.88,feldpausch,35.3479,35.3479,0.49,29.0081
SAN_A01b,020a,Pouteria reticulata,Sapotaceae,736432.5188,9668867.964,O,26.0,False,,,26.5,False,6,20.53,26.0,False,O,20.53,feldpausch,225.6214,225.6214,0.794,296.5715
SAN_A01b,021a,,,736432.577,9668867.878,O,13.9,False,,,12.8,False,6,12.67,13.9,False,O,12.67,feldpausch,41.4892,41.4892,0.6965,47.9889
SAN_A01b,022a,,,736436.3842,9668868.892,O,13.8,False,,,14.2,False,6,13.62,13.8,False,O,13.62,feldpausch,43.8997,43.8997,0.6965,50.777
SAN_A01b,023a,Rinorea guianensis,Violaceae,736436.6714,9668870.149,O,11.4,False,,,11.7,False,6,11.89,11.4,False,O,11.89,feldpausch,26.4799,26.4799,0.78,34.2078
SAN_A01b,024a,Virola elongata,Myristicaceae,736436.7676,9668861.665,O,20.7,False,,,21.3,False,6,17.88,20.7,False,O,17.88,feldpausch,126.3413,126.3413,0.5233,110.5599
SAN_A01b,025a,Protium paniculatum,Burseraceae,736435.4873,9668858.664,O,11.4,False,,,11.7,False,6,11.89,11.4,False,O,11.89,feldpausch,26.4799,26.4799,0.49,21.7306
SAN_A01b,026a,Inga sp.,Fabaceae,736440.3606,9668862.855,O,14.5,False,,,14.7,False,6,13.95,14.5,False,O,13.95,feldpausch,49.4943,49.4943,0.5786,47.7674
SAN_A01b,027a,Protium paniculatum,Burseraceae,736440.8646,9668862.09,O,12.0,False,,,12.3,False,6,12.32,12.0,False,O,12.32,feldpausch,30.3011,30.3011,0.49,24.8665
SAN_A01b,028a,Vatairea guianensis,Fabaceae,736437.8216,9668855.262,O,25.1,False,,,25.2,False,6,19.9,25.1,False,O,19.9,feldpausch,204.3169,204.3169,0.672,228.2134
SAN_A01b,029a,Carapa guianensis,Meliaceae,736443.2151,9668860.153,O,48.9,False,17.6,27.74,50.3,False,6,29.37,48.9,False,O,27.74,measured,1038.6363,1038.6363,0.53,920.1976
SAN_A01b,030a,Protium paniculatum,Burseraceae,736443.2728,9668858.434,O,10.7,False,,,10.9,False,6,11.3,10.7,False,O,11.3,feldpausch,22.265,22.265,0.49,18.2717
SAN_A01b,031a,Virola michelii,Myristicaceae,736444.9873,9668860.71,O,29.2,False,,,29.3,False,6,21.82,29.2,False,O,21.82,feldpausch,300.338,300.338,0.4701,236.709
SAN_A01b,032a,Hevea brasiliensis,Euphorbiaceae,736444.953,9668855.883,O,24.2,False,14.02,18.56,24.0,False,6,19.3,24.2,False,O,18.56,measured,177.7462,177.7462,0.4666,139.0713
SAN_A01b,033a,Protium paniculatum,Burseraceae,736444.0661,9668854.815,O,18.1,False,,,18.0,False,6,16.01,18.1,False,O,16.01,feldpausch,87.2841,87.2841,0.49,71.6293
SAN_A01b,034a,Hevea brasiliensis,Euphorbiaceae,736444.953,9668855.883,O,13.6,False,,,14.2,False,6,13.62,13.6,False,O,13.62,feldpausch,42.6664,42.6664,0.4666,33.3828
SAN_A01b,035a,Sextonia rubra,Lauraceae,736440.7543,9668850.987,O,43.3,False,,,43.2,False,6,27.17,43.3,False,O,27.17,feldpausch,802.7061,802.7061,0.5523,740.3427
SAN_A01b,036a,Symphonia globulifera,Clusiaceae,736449.392,9668856.796,O,28.4,False,,,29.0,False,6,21.68,28.4,False,O,21.68,feldpausch,282.704,282.704,0.6004,282.8879
SAN_A01b,037a,Ocotea canaliculata,Lauraceae,736445.2071,9668849.152,O,13.2,False,,,13.5,False,6,13.15,13.2,False,O,13.15,feldpausch,38.8949,38.8949,0.4793,31.2406
SAN_A01b,038a,Maquira coriacea,Moraceae,736443.17,9668852.172,O,10.9,False,,,11.2,False,6,11.53,10.9,False,O,11.53,feldpausch,23.543,23.543,0.5112,20.1359
SAN_A01b,039a,Protium paniculatum,Burseraceae,736440.2156,9668851.772,O,10.7,False,,,11.2,False,6,11.53,10.7,False,O,11.53,feldpausch,22.7072,22.7072,0.49,18.6346
SAN_A01b,040a,,,736440.3106,9668845.396,O,12.7,False,,,13.4,False,6,13.08,12.7,False,O,13.08,feldpausch,35.8835,35.8835,0.6965,41.505
SAN_A01b,041a,Tetragastris panamensis,Burseraceae,736437.8286,9668848.937,O,27.2,False,,,27.3,False,6,20.91,27.2,False,O,20.91,feldpausch,250.8446,250.8446,0.7173,298.6158
SAN_A01b,042a,Miconia poeppigii,Melastomataceae,736438.5955,9668850.969,O,17.1,False,,,17.8,False,6,15.89,17.1,False,O,15.89,feldpausch,77.5472,77.5472,0.5967,77.1267
SAN_A01b,043a,Eschweilera micrantha,Lecythidaceae,736437.8069,9668853.69,O,11.3,False,,,11.8,False,6,11.96,11.3,False,O,11.96,feldpausch,26.1779,26.1779,0.86,37.1989
SAN_A01b,044a,Sloanea guianensis,Elaeocarpaceae,736435.0364,9668852.919,O,18.9,False,,,19.4,False,6,16.83,18.9,False,O,16.83,feldpausch,99.7177,99.7177,0.8212,135.4562
SAN_A01b,045a,Pouteria sp.,Sapotaceae,736433.8515,9668853.024,O,12.5,False,,,12.9,False,6,12.74,12.5,False,O,12.74,feldpausch,33.9058,33.9058,0.7187,40.4395
SAN_A01b,046a,Maquira coriacea,Moraceae,736433.1675,9668854.789,O,14.8,False,10.17,13.18,15.3,False,6,14.34,14.8,False,O,13.18,measured,48.7359,48.7359,0.5112,41.6829
SAN_A01b,047a,,,736429.3886,9668858.551,O,23.2,False,,,23.6,False,6,19.1,23.2,False,O,19.1,feldpausch,168.3379,168.3379,0.6965,194.7096
SAN_A01b,048a,Protium paniculatum,Burseraceae,736430.6109,9668862.481,O,12.8,False,,,12.9,False,6,12.74,12.8,False,O,12.74,feldpausch,35.5124,35.5124,0.49,29.1431
SAN_A01b,049a,Protium paniculatum,Burseraceae,736425.4577,9668863.297,O,10.7,False,,,10.9,False,6,11.3,10.7,False,O,11.3,feldpausch,22.265,22.265,0.49,18.2717
SAN_A01b,050a,Sextonia rubra,Lauraceae,736425.3379,9668865.104,O,121.0,False,25.7,40.11,121.3,False,6,41.24,121.0,False,O,40.11,measured,8726.344,8726.344,0.5523,8048.3821
SAN_A01b,051a,Protium paniculatum,Burseraceae,736425.4488,9668868.254,O,12.5,False,,,12.5,False,6,12.46,12.5,False,O,12.46,feldpausch,33.1783,33.1783,0.49,27.2277
SAN_A01b,052a,Pouteria gongrijpii,Sapotaceae,736428.1426,9668867.699,O,45.2,False,11.63,23.39,46.2,False,6,28.14,45.2,False,O,23.39,measured,754.1616,754.1616,0.7994,997.899
SAN_A01b,053a,Sagotia racemosa,Euphorbiaceae,736425.3082,9668870.126,O,12.7,False,,,12.9,False,6,12.74,12.7,False,O,12.74,feldpausch,34.9728,34.9728,0.58,33.8346
SAN_A01b,054a,,,736425.1225,9668872.077,O,56.0,True,3.09,4.29,,True,6,,56.0,True,O,4.29,measured,218.878,207.867,0.6965,207.867
SAN_A01b,055a,Maquira coriacea,Moraceae,736422.9272,9668871.87,O,10.5,False,,,10.6,False,6,11.08,10.5,False,O,11.08,feldpausch,21.052,21.052,0.5112,18.0054
SAN_A01b,056a,Sagotia racemosa,Euphorbiaceae,736421.0516,9668868.686,O,12.9,False,,,13.2,False,6,12.95,12.9,False,O,12.95,feldpausch,36.6359,36.6359,0.58,35.4435
SAN_A01b,057a,Sagotia racemosa,Euphorbiaceae,736419.8341,9668874.604,O,13.6,False,,,14.3,False,6,13.69,13.6,False,O,13.69,feldpausch,42.8804,42.8804,0.58,41.4848
SAN_A01b,058a,Cordia scabrifolia,Boraginaceae,736418.0764,9668875.408,O,18.5,False,,,18.7,False,6,16.42,18.5,False,O,16.42,feldpausch,93.365,93.365,0.474,74.1768
SAN_A01b,059a,Eschweilera micrantha,Lecythidaceae,736417.5152,9668879.631,O,13.0,False,,,,True,6,,13.0,False,O,,feldpausch,,,0.86,
SAN_A01b,060a,Tetragastris panamensis,Burseraceae,736417.0798,9668881.989,O,16.0,False,10.74,12.81,16.6,False,6,15.16,16.0,False,O,12.81,measured,55.1913,55.1913,0.7173,65.7021
SAN_A01b,061a,,,736409.4696,9668884.645,O,18.0,False,,,18.4,False,6,16.25,18.0,False,O,16.25,feldpausch,87.6084,87.6084,0.6965,101.3331
SAN_A01b,062a,Theobroma glaucum,Malvaceae,736424.1715,9668886.534,O,,,,,10.8,False,6,11.23,,False,O,11.23,feldpausch,,,0.5297,
SAN_A01b,063a,Nectandra cuspidata,Lauraceae,736413.2977,9668879.432,O,,,,,10.2,False,6,10.78,,False,O,10.78,feldpausch,,,0.518,
SAN_A01b,064a,Rinorea guianensis,Violaceae,736431.2326,9668857.381,O,,,,,10.3,False,6,10.85,,False,O,10.85,feldpausch,,,0.78,
SAN_A01b,065a,Eschweilera amazonica,Lecythidaceae,736434.568,9668849.187,O,,,,,10.0,False,6,10.62,,False,O,10.62,feldpausch,,,0.9,
SAN_A01b,001a,Goupia glabra,Goupiaceae,736240.4925,9669119.554,O,18.5,False,,,19.7,False,7,17.0,18.5,False,O,17.0,feldpausch,96.5824,96.5824,0.7272,116.517
SAN_A01b,001b,Attalea maripa,Arecaceae,736252.9162,9669083.606,P,35.5,False,5.4,18.13,35.2,False,7,24.28,35.5,False,P,18.13,measured,367.031,344.4049,0.326,344.4049
SAN_A01b,002a,Casearia grandiflora,Salicaceae,736246.8458,9669121.411,O,12.7,False,,,13.1,False,7,12.88,12.7,False,O,12.88,feldpausch,35.3479,35.3479,0.77,45.0923
SAN_A01b,002b,Attalea maripa,Arecaceae,736236.1155,9669068.118,P,37.7,False,5.67,18.4,38.2,False,7,25.42,37.7,False,P,18.4,measured,418.7369,406.2895,0.326,406.2895
SAN_A01b,003a,,,736244.0205,9669114.932,O,21.0,False,,,22.9,False,7,18.73,21.0,False,O,18.73,feldpausch,135.9658,135.9658,0.6965,157.2662
SAN_A01b,004a,Attalea maripa,Arecaceae,736244.9937,9669113.657,P,26.5,False,,,37.3,False,7,25.09,26.5,False,P,25.09,feldpausch,284.8061,154.1996,0.326,154.1996
SAN_A01b,005a,Attalea maripa,Arecaceae,736245.7652,9669110.123,P,37.2,False,,,37.6,False,7,25.2,37.2,False,P,25.2,feldpausch,554.5331,391.6515,0.326,391.6515
SAN_A01b,006a,Bellucia grossularioides,Melastomataceae,736253.5348,9669109.161,O,11.7,False,11.02,16.49,11.6,False,7,11.82,11.7,False,O,16.49,measured,38.3325,38.3325,0.5975,38.1766
SAN_A01b,007a,Inga alba,Fabaceae,736258.1224,9669111.512,O,39.9,False,,,43.6,False,7,27.3,39.9,False,O,27.3,feldpausch,687.4712,687.4712,0.5861,671.9351
SAN_A01b,008a,Xylopia nitida,Annonaceae,736254.4898,9669106.221,O,19.7,False,,,21.5,False,7,17.99,19.7,False,O,17.99,feldpausch,115.3903,115.3903,0.5483,105.682
SAN_A01b,009a,Casearia grandiflora,Salicaceae,736260.9338,9669108.602,O,16.7,False,,,17.0,False,7,15.41,16.7,False,O,15.41,feldpausch,71.8619,71.8619,0.77,91.6723
SAN_A01b,010a,Casearia grandiflora,Salicaceae,736254.9695,9669100.586,O,18.7,False,,,18.8,False,7,16.48,18.7,False,O,16.48,feldpausch,95.6854,95.6854,0.77,122.0633
SAN_A01b,011a,Guatteria schomburgkiana,Annonaceae,736254.1303,9669098.369,O,12.2,False,,,18.8,False,7,16.48,12.2,False,O,16.48,feldpausch,41.5705,41.5705,0.6,41.5705
SAN_A01b,012a,Vismia guianensis,Hypericaceae,736259.9881,9669102.303,O,11.7,False,,,11.5,False,7,11.75,11.7,False,O,11.75,feldpausch,27.537,27.537,0.475,21.9227
SAN_A01b,013a,Vismia guianensis,Hypericaceae,736259.9881,9669102.303,O,13.8,False,,,12.1,False,7,12.18,13.8,False,O,12.18,feldpausch,39.3637,39.3637,0.475,31.3382
SAN_A01b,014a,Guatteria schomburgkiana,Annonaceae,736260.65,9669099.761,O,20.7,False,,,22.0,False,7,18.26,20.7,False,O,18.26,feldpausch,128.9613,128.9613,0.6,128.9613
SAN_A01b,015a,Casearia grandiflora,Salicaceae,736257.2202,9669097.638,O,15.8,False,,,15.9,False,7,14.73,15.8,False,O,14.73,feldpausch,61.7171,61.7171,0.77,78.7308
SAN_A01b,016a,Vismia latifolia,Hypericaceae,736266.4119,9669100.445,O,14.9,False,8.66,12.83,15.6,False,7,14.54,14.9,False,O,12.83,measured,48.1005,48.1005,0.43,34.7487
SAN_A01b,017a,Bellucia grossularioides,Melastomataceae,736258.4678,9669092.71,O,13.8,False,,,15.3,False,7,14.34,13.8,False,O,14.34,feldpausch,46.1633,46.1633,0.5975,45.9755
SAN_A01b,018a,Guatteria schomburgkiana,Annonaceae,736266.1767,9669095.765,O,12.2,False,,,12.3,False,7,12.32,12.2,False,O,12.32,feldpausch,31.2947,31.2947,0.6,31.2947
SAN_A01b,019a,Casearia grandiflora,Salicaceae,736257.4037,9669087.554,O,17.0,False,,,18.1,False,7,16.07,17.0,False,O,16.07,feldpausch,77.5119,77.5119,0.77,98.8799
SAN_A01b,020a,Rollinia exsucca,Annonaceae,736270.6792,9669089.792,O,13.5,False,,,13.4,False,7,13.08,13.5,False,O,13.08,feldpausch,40.4279,40.4279,0.3748,25.5375
SAN_A01b,021a,Goupia glabra,Goupiaceae,736263.5385,9669086.093,O,12.7,False,,,13.1,False,7,12.88,12.7,False,O,12.88,feldpausch,35.3479,35.3479,0.7272,42.6437
SAN_A01b,022a,Bellucia grossularioides,Melastomataceae,736269.5976,9669086.304,O,18.1,False,12.27,19.94,19.1,False,7,16.65,18.1,False,O,19.94,measured,108.1387,108.1387,0.5975,107.6989
SAN_A01b,023a,Guatteria schomburgkiana,Annonaceae,736274.4614,9669084.775,O,13.0,False,,,14.3,False,7,13.69,13.0,False,O,13.69,feldpausch,39.2652,39.2652,0.6,39.2652
SAN_A01b,024a,Attalea maripa,Arecaceae,736269.8724,9669081.06,P,36.3,False,,,36.9,False,7,24.94,36.3,False,P,24.94,feldpausch,523.3224,366.1576,0.326,366.1576
SAN_A01b,025a,Casearia grandiflora,Salicaceae,736268.4479,9669081.305,O,11.1,False,,,12.1,False,7,12.18,11.1,False,O,12.18,feldpausch,25.7349,25.7349,0.77,32.8293
SAN_A01b,026a,Bellucia grossularioides,Melastomataceae,736262.2285,9669076.485,O,14.5,False,,,16.1,False,7,14.85,14.5,False,O,14.85,feldpausch,52.6085,52.6085,0.5975,52.3946
SAN_A01b,027a,Casearia grandiflora,Salicaceae,736262.2102,9669081.333,O,14.2,False,,,14.6,False,7,13.89,14.2,False,O,13.89,feldpausch,47.3157,47.3157,0.77,60.3593
SAN_A01b,028a,Inga thibaudiana,Fabaceae,736259.1291,9669085.321,O,10.0,False,,,10.8,False,7,11.23,10.0,False,O,11.23,feldpausch,19.3924,19.3924,0.5786,18.7158
SAN_A01b,029a,Attalea maripa,Arecaceae,736255.5227,9669088.358,P,34.5,False,,,35.0,False,7,24.21,34.5,False,P,24.21,feldpausch,460.3228,318.394,0.326,318.394
SAN_A01b,030a,Casearia grandiflora,Salicaceae,736255.6523,9669091.455,O,16.4,False,,,16.6,False,7,15.16,16.4,False,O,15.16,feldpausch,68.265,68.265,0.77,87.0839
SAN_A01b,031a,Goupia glabra,Goupiaceae,736257.7347,9669093.666,O,12.0,False,,,16.9,False,7,15.35,12.0,False,O,15.35,feldpausch,37.5547,37.5547,0.7272,45.306
SAN_A01b,032a,Goupia glabra,Goupiaceae,736257.5672,9669093.556,O,16.4,False,,,11.8,False,7,11.96,16.4,False,O,11.96,feldpausch,54.1629,54.1629,0.7272,65.3421
SAN_A01b,033a,Attalea maripa,Arecaceae,736253.1143,9669096.391,P,34.6,False,,,34.5,False,7,24.01,34.6,False,P,24.01,feldpausch,459.198,320.9368,0.326,320.9368
SAN_A01b,034a,Attalea maripa,Arecaceae,736248.6098,9669092.369,P,30.4,False,,,30.2,False,7,22.22,30.4,False,P,22.22,feldpausch,330.7137,224.8838,0.326,224.8838
SAN_A01b,035a,Attalea maripa,Arecaceae,736246.5683,9669099.923,P,35.0,False,,,35.0,False,7,24.21,35.0,False,P,24.21,feldpausch,473.4351,331.237,0.326,331.237
SAN_A01b,036a,Attalea maripa,Arecaceae,736239.2176,9669107.749,P,42.0,False,5.08,17.58,34.2,False,7,23.89,42.0,False,P,17.58,measured,494.5176,546.7046,0.326,546.7046
SAN_A01b,037a,Attalea maripa,Arecaceae,736241.7632,9669111.142,P,32.2,False,,,32.8,False,7,23.32,32.2,False,P,23.32,feldpausch,387.8809,263.4007,0.326,263.4007
SAN_A01b,038a,Attalea maripa,Arecaceae,736235.9756,9669116.972,P,30.4,False,,,30.2,False,7,22.22,30.4,False,P,22.22,feldpausch,330.7137,224.8838,0.326,224.8838
SAN_A01b,039a,Attalea maripa,Arecaceae,736231.9632,9669115.417,P,29.0,False,,,29.6,False,7,21.95,29.0,False,P,21.95,feldpausch,298.0586,197.5537,0.326,197.5537
SAN_A01b,040a,Swartzia laevicarpa,Fabaceae,736263.6465,9669090.857,O,,,,,10.0,False,7,10.62,,False,O,10.62,feldpausch,,,0.6125,
SAN_A01b,041a,,,736266.5268,9669085.444,O,,,,,11.3,False,7,11.6,,False,O,11.6,feldpausch,,,0.6965,
