site,tree_id,scientific_name,family_name,utm_easting,utm_northing,dbh,htot,hcom,dead,type,plot_id,htot_feldpausch
TAC_A01,1,Theobroma glaucum,Malvaceae,799902.9108,9725867.865,12.3,3.14,0.0,False,O,P01,12.32
TAC_A01,2,Euterpe oleracea,Arecaceae,799903.7024,9725868.539,9.3,7.41,3.5,False,P,P01,10.08
TAC_A01,3,Euterpe oleracea,Arecaceae,799903.8532,9725868.667,10.8,10.08,7.77,False,P,P01,11.23
TAC_A01,4,Euterpe oleracea,Arecaceae,799904.004,9725868.796,11.4,9.95,6.67,False,P,P01,11.67
TAC_A01,5,Theobroma glaucum,Malvaceae,799905.0595,9725869.695,8.8,2.14,1.65,False,O,P01,9.68
TAC_A01,6,Euterpe oleracea,Arecaceae,799906.2658,9725870.722,13.0,13.9,6.76,False,P,P01,12.81
TAC_A01,7,Euterpe oleracea,Arecaceae,799906.2658,9725870.722,5.9,4.64,1.83,False,P,P01,7.18
TAC_A01,8,Theobroma glaucum,Malvaceae,799907.3213,9725871.62,13.7,5.1,1.82,False,O,P01,13.29
TAC_A01,9,Theobroma glaucum,Malvaceae,799909.583,9725873.546,9.7,3.32,2.08,False,O,P01,10.39
TAC_A01,10,Euterpe oleracea,Arecaceae,799910.7139,9725874.509,13.6,12.13,6.49,False,P,P01,13.22
TAC_A01,11,Euterpe oleracea,Arecaceae,799910.7139,9725874.509,11.4,9.43,6.16,False,P,P01,11.67
TAC_A01,12,Euterpe oleracea,Arecaceae,799910.7893,9725874.574,9.7,8.92,6.19,False,P,P01,10.39
TAC_A01,13,Euterpe oleracea,Arecaceae,799910.7893,9725874.574,10.1,7.78,3.19,False,P,P01,10.7
TAC_A01,14,Theobroma glaucum,Malvaceae,799911.8448,9725875.472,8.7,3.42,3.19,False,O,P01,9.6
TAC_A01,15,Theobroma glaucum,Malvaceae,799914.1066,9725877.398,9.6,4.48,2.09,False,O,P01,10.31
TAC_A01,16,Euterpe oleracea,Arecaceae,799915.4636,9725878.554,12.4,10.91,7.49,False,P,P01,12.39
TAC_A01,17,Euterpe oleracea,Arecaceae,799915.4636,9725878.554,15.6,9.14,6.14,False,P,P01,14.54
TAC_A01,18,Euterpe oleracea,Arecaceae,799915.4636,9725878.554,9.7,9.77,4.04,False,P,P01,10.39
TAC_A01,19,Theobroma glaucum,Malvaceae,799916.5945,9725879.517,5.9,2.33,1.69,False,O,P01,7.18
TAC_A01,20,Euterpe oleracea,Arecaceae,799917.7254,9725880.48,12.2,9.92,6.19,False,P,P01,12.25
TAC_A01,21,Euterpe oleracea,Arecaceae,799917.7254,9725880.48,14.2,8.09,5.69,False,P,P01,13.62
TAC_A01,22,Euterpe oleracea,Arecaceae,799917.7254,9725880.48,18.8,9.92,6.98,False,P,P01,16.48
TAC_A01,23,Euterpe oleracea,Arecaceae,799917.8762,9725880.608,6.8,3.78,1.76,False,P,P01,7.99
TAC_A01,24,Theobroma glaucum,Malvaceae,799918.6301,9725881.25,10.4,4.26,1.41,False,O,P01,10.93
TAC_A01,25,Theobroma glaucum,Malvaceae,799921.1935,9725883.433,10.2,5.22,1.72,False,O,P01,10.78
TAC_A01,26,Euterpe oleracea,Arecaceae,799922.0982,9725884.203,8.9,6.88,3.69,False,P,P01,9.76
TAC_A01,27,Euterpe oleracea,Arecaceae,799922.3997,9725884.46,11.9,10.67,6.32,False,P,P01,12.03
TAC_A01,28,Euterpe oleracea,Arecaceae,799922.3997,9725884.46,11.9,11.4,9.31,False,P,P01,12.03
TAC_A01,29,Euterpe oleracea,Arecaceae,799922.3997,9725884.46,7.2,6.32,2.45,False,P,P01,8.34
TAC_A01,30,Euterpe oleracea,Arecaceae,799922.3997,9725884.46,8.2,3.37,1.57,False,P,P01,9.19
TAC_A01,31,Theobroma glaucum,Malvaceae,799925.8701,9725883.439,9.8,5.28,2.11,False,O,P01,10.47
TAC_A01,32,Theobroma glaucum,Malvaceae,799923.4431,9725881.369,11.0,5.6,2.46,False,O,P01,11.38
TAC_A01,33,Theobroma glaucum,Malvaceae,799920.8643,9725879.169,9.4,4.82,2.97,False,O,P01,10.16
TAC_A01,34,Theobroma glaucum,Malvaceae,799919.1957,9725877.745,7.5,3.32,1.86,False,O,P01,8.6
TAC_A01,35,Theobroma glaucum,Malvaceae,799916.3894,9725875.351,9.9,3.84,1.57,False,O,P01,10.55
TAC_A01,36,Theobroma glaucum,Malvaceae,799914.4174,9725873.669,9.5,5.74,1.4,False,O,P01,10.23
TAC_A01,37,Theobroma glaucum,Malvaceae,799911.7628,9725871.404,10.5,3.81,1.42,False,O,P01,11.0
TAC_A01,38,Theobroma glaucum,Malvaceae,799909.3358,9725869.333,11.6,4.68,2.08,False,O,P01,11.82
TAC_A01,39,Theobroma glaucum,Malvaceae,799907.2121,9725867.522,15.6,5.11,2.16,False,O,P01,14.54
TAC_A01,40,Theobroma glaucum,Malvaceae,799905.6952,9725866.228,11.7,4.46,1.96,False,O,P01,11.89
TAC_A01,41,Theobroma glaucum,Malvaceae,799907.7316,9725864.154,8.1,4.01,0.83,False,O,P01,9.1
TAC_A01,42,Euterpe oleracea,Arecaceae,799907.7316,9725864.154,13.4,9.7,6.46,False,P,P01,13.08
TAC_A01,43,Euterpe oleracea,Arecaceae,799907.7316,9725864.154,13.4,9.42,5.5,False,P,P01,13.08
TAC_A01,44,Euterpe oleracea,Arecaceae,799907.7316,9725864.154,12.2,11.16,7.78,False,P,P01,12.25
TAC_A01,45,Euterpe oleracea,Arecaceae,799907.7316,9725864.154,7.7,5.1,1.98,False,P,P01,8.77
TAC_A01,46,Theobroma glaucum,Malvaceae,799909.2571,9725865.458,9.9,3.92,1.15,False,O,P01,10.55
TAC_A01,47,Euterpe oleracea,Arecaceae,799910.0198,9725866.109,12.8,11.56,6.99,False,P,P01,12.67
TAC_A01,48,Theobroma glaucum,Malvaceae,799911.5454,9725867.413,11.8,5.3,1.93,False,O,P01,11.96
TAC_A01,49,Theobroma glaucum,Malvaceae,799913.4523,9725869.043,8.5,3.19,0.78,False,O,P01,9.43
TAC_A01,50,Euterpe oleracea,Arecaceae,799914.5964,9725870.021,15.6,11.43,7.01,False,P,P01,14.54
TAC_A01,51,Theobroma glaucum,Malvaceae,799915.8931,9725871.129,13.3,5.02,1.5,False,O,P01,13.02
TAC_A01,52,Theobroma glaucum,Malvaceae,799918.4102,9725873.28,10.8,2.1,1.93,False,O,P01,11.23
TAC_A01,53,Euterpe oleracea,Arecaceae,799919.7069,9725874.388,14.9,11.3,7.13,False,P,P01,14.08
TAC_A01,54,Euterpe oleracea,Arecaceae,799919.7069,9725874.388,12.7,10.95,7.92,False,P,P01,12.6
TAC_A01,55,Theobroma glaucum,Malvaceae,799920.6985,9725875.236,10.7,4.33,0.75,False,O,P01,11.15
TAC_A01,56,Euterpe oleracea,Arecaceae,799921.6138,9725876.018,8.4,8.3,4.73,False,P,P01,9.35
TAC_A01,57,Euterpe oleracea,Arecaceae,799921.6138,9725876.018,12.6,12.0,7.35,False,P,P01,12.53
TAC_A01,58,Euterpe oleracea,Arecaceae,799921.6138,9725876.018,12.3,9.05,6.48,False,P,P01,12.32
TAC_A01,59,Theobroma glaucum,Malvaceae,799922.6054,9725876.866,10.3,4.49,2.12,False,O,P01,10.85
TAC_A01,60,Theobroma glaucum,Malvaceae,799925.2751,9725879.147,7.9,4.75,2.01,False,O,P01,8.94
TAC_A01,61,Euterpe oleracea,Arecaceae,799926.8006,9725880.451,13.7,12.07,8.26,False,P,P01,13.29
TAC_A01,62,Euterpe oleracea,Arecaceae,799926.8006,9725880.451,11.8,11.14,6.74,False,P,P01,11.96
TAC_A01,63,Euterpe oleracea,Arecaceae,799926.8006,9725880.451,11.9,12.24,7.25,False,P,P01,12.03
TAC_A01,64,Theobroma glaucum,Malvaceae,799927.5633,9725881.103,11.3,5.15,1.61,False,O,P01,11.6
TAC_A01,65,Theobroma glaucum,Malvaceae,799929.8247,9725879.052,10.2,4.86,2.12,False,O,P01,10.78
TAC_A01,66,Theobroma glaucum,Malvaceae,799926.7555,9725876.424,6.1,3.41,1.08,False,O,P01,7.36
TAC_A01,67,Theobroma glaucum,Malvaceae,799925.221,9725875.11,12.0,5.07,1.09,False,O,P01,12.11
TAC_A01,68,Theobroma glaucum,Malvaceae,799922.9191,9725873.139,9.1,4.3,1.57,False,O,P01,9.92
TAC_A01,69,Theobroma glaucum,Malvaceae,799920.6172,9725871.168,13.3,5.7,0.94,False,O,P01,13.02
TAC_A01,70,Theobroma glaucum,Malvaceae,799917.548,9725868.541,11.1,3.86,0.48,False,O,P01,11.45
TAC_A01,71,Theobroma glaucum,Malvaceae,799916.0134,9725867.227,10.3,3.42,0.49,False,O,P01,10.85
TAC_A01,72,Theobroma glaucum,Malvaceae,799913.3279,9725864.927,9.0,3.56,0.82,False,O,P01,9.84
TAC_A01,73,Theobroma glaucum,Malvaceae,799911.4097,9725863.285,6.6,3.41,1.14,False,O,P01,7.81
TAC_A01,74,Theobroma glaucum,Malvaceae,799909.1078,9725861.314,12.2,5.22,0.98,False,O,P01,12.25
TAC_A01,75,Theobroma glaucum,Malvaceae,799910.9381,9725858.861,10.6,5.44,1.36,False,O,P01,11.08
TAC_A01,76,Euterpe oleracea,Arecaceae,799912.3274,9725860.053,9.8,9.72,6.08,False,P,P01,10.47
TAC_A01,77,Euterpe oleracea,Arecaceae,799912.3274,9725860.053,11.0,10.73,7.37,False,P,P01,11.38
TAC_A01,78,Euterpe oleracea,Arecaceae,799912.3274,9725860.053,11.2,10.88,7.43,False,P,P01,11.53
TAC_A01,79,Theobroma glaucum,Malvaceae,799913.7167,9725861.244,11.0,5.47,2.35,False,O,P01,11.38
TAC_A01,80,Euterpe oleracea,Arecaceae,799914.3341,9725861.774,13.5,11.34,8.88,False,P,P01,13.15
TAC_A01,81,Euterpe oleracea,Arecaceae,799914.3341,9725861.774,84.0,8.32,7.06,False,P,P01,36.69
TAC_A01,82,Theobroma glaucum,Malvaceae,799915.4919,9725862.767,5.1,2.36,1.89,False,O,P01,6.43
TAC_A01,83,Theobroma glaucum,Malvaceae,799917.4214,9725864.422,8.7,2.16,1.68,False,O,P01,9.6
TAC_A01,84,Euterpe oleracea,Arecaceae,799918.9651,9725865.746,8.4,7.17,2.94,False,P,P01,9.35
TAC_A01,85,Euterpe oleracea,Arecaceae,799918.9651,9725865.746,98.0,8.57,5.31,False,P,P01,38.71
TAC_A01,86,Euterpe oleracea,Arecaceae,799918.9651,9725865.746,11.4,7.21,3.45,False,P,P01,11.67
TAC_A01,87,Theobroma glaucum,Malvaceae,799920.1228,9725866.739,8.2,3.81,1.11,False,O,P01,9.19
TAC_A01,88,Theobroma glaucum,Malvaceae,799922.4383,9725868.726,10.4,5.03,2.24,False,O,P01,10.93
TAC_A01,89,Euterpe oleracea,Arecaceae,799923.596,9725869.719,12.8,10.34,6.5,False,P,P01,12.67
TAC_A01,90,Euterpe oleracea,Arecaceae,799923.596,9725869.719,10.3,9.36,6.5,False,P,P01,10.85
TAC_A01,91,Euterpe oleracea,Arecaceae,799923.596,9725869.719,12.3,9.68,6.24,False,P,P01,12.32
TAC_A01,92,Theobroma glaucum,Malvaceae,799924.8309,9725870.778,9.1,5.61,1.59,False,O,P01,9.92
TAC_A01,93,Euterpe oleracea,Arecaceae,799925.9115,9725871.705,6.5,4.98,3.69,False,P,P01,7.72
TAC_A01,94,Euterpe oleracea,Arecaceae,799925.9115,9725871.705,10.1,9.64,5.77,False,P,P01,10.7
TAC_A01,95,Euterpe oleracea,Arecaceae,799925.9115,9725871.705,8.5,8.05,5.24,False,P,P01,9.43
TAC_A01,96,Theobroma glaucum,Malvaceae,799927.4551,9725873.029,10.9,5.25,1.16,False,O,P01,11.3
TAC_A01,97,Theobroma glaucum,Malvaceae,799929.7706,9725875.015,13.0,4.67,0.93,False,O,P01,12.81
TAC_A01,98,Euterpe oleracea,Arecaceae,799930.5424,9725875.677,8.8,7.68,4.5,False,P,P01,9.68
TAC_A01,99,Euterpe oleracea,Arecaceae,799930.5424,9725875.677,11.1,10.42,8.36,False,P,P01,11.45
TAC_A01,100,Euterpe oleracea,Arecaceae,799930.5424,9725875.677,10.1,11.05,8.96,False,P,P01,10.7
TAC_A01,101,Euterpe oleracea,Arecaceae,799930.5424,9725875.677,10.3,11.95,9.02,False,P,P01,10.85
TAC_A01,102,Theobroma glaucum,Malvaceae,799932.0861,9725877.001,8.7,3.68,0.91,False,O,P01,9.6
TAC_A01,103,Theobroma glaucum,Malvaceae,799934.3474,9725874.951,6.9,3.38,0.67,False,O,P01,8.08
TAC_A01,104,Theobroma glaucum,Malvaceae,799932.7947,9725873.616,11.2,5.0,0.86,False,O,P01,11.53
TAC_A01,105,Theobroma glaucum,Malvaceae,799929.6893,9725870.948,12.0,6.11,1.89,False,O,P01,12.11
TAC_A01,106,Theobroma glaucum,Malvaceae,799927.3602,9725868.946,11.2,5.61,0.84,False,O,P01,11.53
TAC_A01,107,Theobroma glaucum,Malvaceae,799925.0312,9725866.945,9.8,4.04,1.68,False,O,P01,10.47
TAC_A01,108,Theobroma glaucum,Malvaceae,799921.9257,9725864.276,11.8,4.57,0.82,False,O,P01,11.96
TAC_A01,109,Theobroma glaucum,Malvaceae,799919.5967,9725862.275,10.5,4.2,1.31,False,O,P01,11.0
TAC_A01,110,Theobroma glaucum,Malvaceae,799917.2676,9725860.274,10.2,4.54,1.12,False,O,P01,10.78
TAC_A01,112,Theobroma glaucum,Malvaceae,799914.9385,9725858.272,9.5,5.61,0.63,False,O,P01,10.23
TAC_A01,113,Theobroma glaucum,Malvaceae,799915.5248,9725854.75,8.3,5.27,1.58,False,O,P01,9.27
TAC_A01,114,Euterpe oleracea,Arecaceae,799917.0866,9725856.094,10.9,9.55,6.32,False,P,P01,11.3
TAC_A01,115,Euterpe oleracea,Arecaceae,799917.0866,9725856.094,10.8,11.55,6.95,False,P,P01,11.23
TAC_A01,116,Euterpe oleracea,Arecaceae,799917.0866,9725856.094,9.9,8.99,5.81,False,P,P01,10.55
TAC_A01,117,Theobroma glaucum,Malvaceae,799918.6484,9725857.439,9.0,4.03,1.05,False,O,P01,9.84
TAC_A01,118,Euterpe oleracea,Arecaceae,799920.2102,9725858.783,11.8,12.61,7.25,False,P,P01,11.96
TAC_A01,119,Euterpe oleracea,Arecaceae,799920.2102,9725858.783,11.5,10.93,8.64,False,P,P01,11.75
TAC_A01,120,Euterpe oleracea,Arecaceae,799920.2102,9725858.783,11.5,8.95,8.05,False,P,P01,11.75
TAC_A01,121,Theobroma glaucum,Malvaceae,799920.9911,9725859.455,10.2,4.25,1.05,False,O,P01,10.78
TAC_A01,122,Theobroma glaucum,Malvaceae,799923.3337,9725861.472,15.0,5.33,0.94,False,O,P01,14.15
TAC_A01,123,Euterpe oleracea,Arecaceae,799924.8955,9725862.816,12.0,10.63,6.64,False,P,P01,12.11
TAC_A01,124,Euterpe oleracea,Arecaceae,799924.8955,9725862.816,12.2,10.36,6.67,False,P,P01,12.25
TAC_A01,125,Euterpe oleracea,Arecaceae,799924.8955,9725862.816,8.0,6.91,4.04,False,P,P01,9.02
TAC_A01,126,Euterpe oleracea,Arecaceae,799924.8955,9725862.816,10.8,10.17,7.52,False,P,P01,11.23
TAC_A01,127,Theobroma glaucum,Malvaceae,799925.6764,9725863.489,11.7,5.31,0.99,False,O,P01,11.89
TAC_A01,128,Theobroma glaucum,Malvaceae,799932.7044,9725869.539,9.4,3.83,0.48,False,O,P01,10.16
TAC_A01,129,Euterpe oleracea,Arecaceae,799933.4853,9725870.211,11.3,9.11,7.01,False,P,P01,11.6
TAC_A01,130,Euterpe oleracea,Arecaceae,799934.2661,9725870.883,9.7,7.64,1.68,False,P,P01,10.39
TAC_A01,131,Euterpe oleracea,Arecaceae,799934.2661,9725870.883,10.3,9.19,6.77,False,P,P01,10.85
TAC_A01,132,Theobroma glaucum,Malvaceae,799933.4853,9725870.211,9.4,4.53,0.94,False,O,P01,10.16
TAC_A01,133,Theobroma glaucum,Malvaceae,799934.8909,9725871.421,10.0,4.85,0.95,False,O,P01,10.62
TAC_A01,134,Theobroma glaucum,Malvaceae,799935.2032,9725871.69,8.7,4.75,1.88,False,O,P01,9.6
TAC_A01,135,Euterpe oleracea,Arecaceae,799935.2032,9725871.69,11.2,10.65,6.49,False,P,P01,11.53
TAC_A01,136,Euterpe oleracea,Arecaceae,799935.2032,9725871.69,10.1,8.23,6.46,False,P,P01,10.7
TAC_A01,137,Euterpe oleracea,Arecaceae,799935.2032,9725871.69,11.3,10.29,7.67,False,P,P01,11.6
TAC_A01,138,Euterpe oleracea,Arecaceae,799936.6088,9725872.9,13.3,4.91,1.45,False,P,P01,13.02
TAC_A01,139,Theobroma glaucum,Malvaceae,799938.8702,9725870.849,7.6,4.8,1.18,False,O,P01,8.68
TAC_A01,140,Theobroma glaucum,Malvaceae,799936.5139,9725868.817,12.8,5.77,1.47,False,O,P01,12.67
TAC_A01,141,Theobroma glaucum,Malvaceae,799933.3722,9725866.108,11.2,4.0,1.24,False,O,P01,11.53
TAC_A01,142,Theobroma glaucum,Malvaceae,799931.016,9725864.076,7.3,5.16,1.45,False,O,P01,8.43
TAC_A01,143,Theobroma glaucum,Malvaceae,799929.0524,9725862.383,10.5,4.06,0.71,False,O,P01,11.0
TAC_A01,144,Theobroma glaucum,Malvaceae,799926.6962,9725860.351,9.5,4.1,1.2,False,O,P01,10.23
TAC_A01,145,Theobroma glaucum,Malvaceae,799924.497,9725858.454,7.4,4.78,2.35,False,O,P01,8.51
TAC_A01,146,Theobroma glaucum,Malvaceae,799921.8266,9725856.151,9.9,4.45,1.15,False,O,P01,10.55
TAC_A01,147,Theobroma glaucum,Malvaceae,799919.7059,9725854.323,13.2,5.08,0.46,False,O,P01,12.95
TAC_A01,148,Theobroma glaucum,Malvaceae,799917.3497,9725852.291,13.8,2.05,1.43,False,O,P01,13.36
TAC_A01,149,Theobroma glaucum,Malvaceae,799919.4869,9725850.101,10.3,4.7,0.74,False,O,P01,10.85
TAC_A01,150,Euterpe oleracea,Arecaceae,799920.5928,9725851.056,9.9,7.98,6.14,False,P,P01,10.55
TAC_A01,151,Euterpe oleracea,Arecaceae,799920.5928,9725851.056,10.4,11.85,6.9,False,P,P01,10.93
TAC_A01,152,Euterpe oleracea,Arecaceae,799920.5928,9725851.056,14.2,11.48,6.39,False,P,P01,13.62
TAC_A01,153,Theobroma glaucum,Malvaceae,799921.8567,9725852.148,7.2,4.0,1.1,False,O,P01,8.34
TAC_A01,154,Euterpe oleracea,Arecaceae,799922.9627,9725853.103,12.0,8.91,5.01,False,P,P01,12.11
TAC_A01,155,Euterpe oleracea,Arecaceae,799922.9627,9725853.103,13.0,6.59,6.05,False,P,P01,12.81
TAC_A01,156,Euterpe oleracea,Arecaceae,799922.9627,9725853.103,8.7,8.0,6.05,False,P,P01,9.6
TAC_A01,157,Theobroma glaucum,Malvaceae,799923.7526,9725853.786,11.6,4.92,2.08,False,O,P01,11.82
TAC_A01,158,Theobroma glaucum,Malvaceae,799926.9124,9725856.515,10.6,4.14,1.45,False,O,P01,11.08
TAC_A01,159,Euterpe oleracea,Arecaceae,799928.0974,9725857.539,9.4,9.45,6.85,False,P,P01,10.16
TAC_A01,160,Euterpe oleracea,Arecaceae,799928.0974,9725857.539,14.0,11.82,9.63,False,P,P01,13.49
TAC_A01,161,Euterpe oleracea,Arecaceae,799928.0974,9725857.539,10.1,7.4,5.45,False,P,P01,10.7
TAC_A01,162,Theobroma glaucum,Malvaceae,799928.9663,9725858.289,9.1,5.14,2.19,False,O,P01,9.92
TAC_A01,163,Theobroma glaucum,Malvaceae,799931.1782,9725860.2,8.8,4.96,1.47,False,O,P01,9.68
TAC_A01,164,Euterpe oleracea,Arecaceae,799932.4421,9725861.292,9.2,6.46,5.08,False,P,P01,10.0
TAC_A01,165,Euterpe oleracea,Arecaceae,799932.4421,9725861.292,16.6,11.78,7.97,False,P,P01,15.16
TAC_A01,166,Euterpe oleracea,Arecaceae,799932.4421,9725861.292,14.3,10.54,6.17,False,P,P01,13.69
TAC_A01,167,Euterpe oleracea,Arecaceae,799932.4421,9725861.292,14.4,10.9,8.23,False,P,P01,13.76
TAC_A01,168,Theobroma glaucum,Malvaceae,799933.864,9725862.52,11.2,3.75,1.49,False,O,P01,11.53
TAC_A01,169,Euterpe oleracea,Arecaceae,799934.8119,9725863.339,11.8,12.82,11.27,False,P,P01,11.96
TAC_A01,170,Euterpe oleracea,Arecaceae,799934.8119,9725863.339,11.9,8.74,5.86,False,P,P01,12.03
TAC_A01,171,Euterpe oleracea,Arecaceae,799934.8119,9725863.339,11.5,8.36,7.19,False,P,P01,11.75
TAC_A01,172,Theobroma glaucum,Malvaceae,799936.0759,9725864.431,14.9,5.34,1.37,False,O,P01,14.08
TAC_A01,173,Theobroma glaucum,Malvaceae,799938.7617,9725866.751,8.6,4.25,0.93,False,O,P01,9.52
TAC_A01,174,Euterpe oleracea,Arecaceae,799940.0256,9725867.843,12.3,10.17,7.08,False,P,P01,12.32
TAC_A01,175,Euterpe oleracea,Arecaceae,799940.0256,9725867.843,14.2,10.01,5.8,False,P,P01,13.62
TAC_A01,176,Euterpe oleracea,Arecaceae,799940.0256,9725867.843,13.1,8.78,6.49,False,P,P01,12.88
TAC_A01,177,Euterpe oleracea,Arecaceae,799940.0256,9725867.843,9.6,6.85,5.5,False,P,P01,10.31
TAC_A01,178,Theobroma glaucum,Malvaceae,799941.3685,9725869.003,8.6,4.39,1.36,False,O,P01,9.52
TAC_A01,179,Theobroma glaucum,Malvaceae,799943.3929,9725866.747,9.5,3.76,0.23,False,O,P01,10.23
TAC_A01,180,Theobroma glaucum,Malvaceae,799941.3273,9725864.96,13.8,3.95,1.47,False,O,P01,13.36
TAC_A01,181,Theobroma glaucum,Malvaceae,799938.1493,9725862.21,8.9,4.77,0.64,False,O,P01,9.76
TAC_A01,182,Theobroma glaucum,Malvaceae,799935.9248,9725860.285,8.2,3.29,1.64,False,O,P01,9.19
TAC_A01,183,Theobroma glaucum,Malvaceae,799933.7797,9725858.429,8.8,4.28,1.21,False,O,P01,9.68
TAC_A01,184,Theobroma glaucum,Malvaceae,799928.6155,9725853.96,9.5,4.39,1.65,False,O,P01,10.23
TAC_A01,185,Theobroma glaucum,Malvaceae,799926.2321,9725851.898,9.6,4.78,1.12,False,O,P01,10.31
TAC_A01,186,Theobroma glaucum,Malvaceae,799923.5308,9725849.561,10.8,5.01,1.64,False,O,P01,11.23
TAC_A01,1,Theobroma glaucum,Malvaceae,797469.9746,9728493.823,5.0,3.02,0.91,False,O,P07,6.33
TAC_A01,2,Theobroma glaucum,Malvaceae,797457.1777,9728503.927,8.3,2.51,1.18,False,O,P07,9.27
TAC_A01,3,Theobroma glaucum,Malvaceae,797452.7194,9728507.447,10.6,4.32,1.45,False,O,P07,11.08
TAC_A01,4,Theobroma glaucum,Malvaceae,797449.3344,9728510.119,5.0,3.63,1.31,False,O,P07,6.33
TAC_A01,5,Theobroma glaucum,Malvaceae,797459.5199,9728505.771,7.2,3.59,3.22,False,O,P07,8.34
TAC_A01,6,Theobroma glaucum,Malvaceae,797459.4374,9728505.836,5.5,2.1,0.88,False,O,P07,6.81
TAC_A01,7,Carapa guianensis,Meliaceae,797463.6806,9728502.905,34.9,23.18,10.78,False,O,P07,24.17
TAC_A01,8,Theobroma glaucum,Malvaceae,797467.7725,9728499.325,6.4,3.15,1.1,False,O,P07,7.64
TAC_A01,9,Theobroma glaucum,Malvaceae,797467.8389,9728499.402,13.4,5.28,2.46,False,O,P07,13.08
TAC_A01,10,Carapa guianensis,Meliaceae,797468.6017,9728499.97,44.4,30.43,8.36,False,O,P07,27.56
TAC_A01,11,Theobroma glaucum,Malvaceae,797475.9426,9728492.943,16.4,6.42,2.59,False,O,P07,15.04
TAC_A01,12,Theobroma glaucum,Malvaceae,797477.9315,9728495.337,22.0,5.63,2.14,False,O,P07,18.26
TAC_A01,13,Theobroma glaucum,Malvaceae,797474.1369,9728498.268,12.0,4.51,1.26,False,O,P07,12.11
TAC_A01,14,Theobroma glaucum,Malvaceae,797461.5158,9728508.017,5.2,2.97,1.54,False,O,P07,6.52
TAC_A01,15,Theobroma glaucum,Malvaceae,797453.2667,9728514.389,5.0,2.73,1.05,False,O,P07,6.33
TAC_A01,16,Theobroma glaucum,Malvaceae,797459.224,9728513.537,5.5,3.49,1.49,False,O,P07,6.81
TAC_A01,17,Tabebuia roseo-alba,Bignoniaceae,797460.2135,9728512.781,21.7,17.53,8.12,False,O,P07,18.1
TAC_A01,18,Carapa guianensis,Meliaceae,797467.5041,9728507.593,42.8,28.78,8.08,False,O,P07,27.04
TAC_A01,19,Carapa guianensis,Meliaceae,797471.4778,9728504.434,47.5,6.14,2.6,False,O,P07,28.54
TAC_A01,20,Theobroma glaucum,Malvaceae,797477.7882,9728503.235,6.0,3.02,1.56,False,O,P07,7.27
TAC_A01,21,Theobroma glaucum,Malvaceae,797477.7058,9728503.298,16.8,4.48,1.46,False,O,P07,15.29
TAC_A01,22,Theobroma glaucum,Malvaceae,797469.0517,9728509.832,6.5,1.73,1.2,False,O,P07,7.72
TAC_A01,23,Theobroma glaucum,Malvaceae,797461.1236,9728515.942,5.7,3.12,1.47,False,O,P07,6.99
TAC_A01,24,,,797461.1902,9728516.015,15.8,2.82,,True,O,P07,14.66
TAC_A01,25,Carapa guianensis,Meliaceae,797471.6893,9728511.755,57.7,30.96,5.7,False,O,P07,31.37
TAC_A01,26,Theobroma glaucum,Malvaceae,797475.9068,9728508.482,8.6,3.64,1.46,False,O,P07,9.52
TAC_A01,27,Theobroma glaucum,Malvaceae,797479.7629,9728505.732,13.0,4.71,1.12,False,O,P07,12.81
TAC_A01,28,Theobroma glaucum,Malvaceae,797479.6965,9728505.653,7.1,1.18,0.5,False,O,P07,8.25
TAC_A01,29,Theobroma glaucum,Malvaceae,797483.8157,9728502.579,7.0,6.01,2.42,False,O,P07,8.17
TAC_A01,30,Theobroma glaucum,Malvaceae,797483.9483,9728502.739,6.2,3.66,2.43,False,O,P07,7.45
TAC_A01,31,Theobroma grandiflorum,Malvaceae,797483.2352,9728501.72,18.4,10.2,2.64,False,O,P07,16.25
TAC_A01,32,Theobroma glaucum,Malvaceae,797485.887,9728504.911,6.1,3.7,1.6,False,O,P07,7.36
TAC_A01,33,Theobroma glaucum,Malvaceae,797481.5225,9728508.13,7.5,3.89,1.6,False,O,P07,8.6
TAC_A01,34,Theobroma glaucum,Malvaceae,797469.2524,9728517.181,10.4,4.42,1.26,False,O,P07,10.93
TAC_A01,35,Theobroma glaucum,Malvaceae,797465.2997,9728520.097,15.3,6.67,2.05,False,O,P07,14.34
TAC_A01,36,Theobroma glaucum,Malvaceae,797463.264,9728525.244,5.4,4.29,1.43,False,O,P07,6.71
TAC_A01,37,Theobroma glaucum,Malvaceae,797463.3307,9728525.316,12.6,1.73,0.63,False,O,P07,12.53
TAC_A01,38,Theobroma glaucum,Malvaceae,797466.9681,9728522.544,6.4,3.67,1.65,False,O,P07,7.64
TAC_A01,39,Theobroma glaucum,Malvaceae,797467.0347,9728522.618,10.8,5.64,3.11,False,O,P07,11.23
TAC_A01,40,Theobroma glaucum,Malvaceae,797471.2485,9728519.424,12.6,8.89,3.59,False,O,P07,12.53
TAC_A01,41,Tabebuia roseo-alba,Bignoniaceae,797483.3486,9728510.605,24.1,13.38,6.96,False,O,P07,19.35
TAC_A01,42,Theobroma glaucum,Malvaceae,797487.8759,9728507.305,15.5,2.39,1.66,False,O,P07,14.47
TAC_A01,43,Theobroma glaucum,Malvaceae,797488.6051,9728508.182,8.5,3.82,1.89,False,O,P07,9.43
TAC_A01,44,Theobroma glaucum,Malvaceae,797489.8647,9728509.698,8.2,4.57,2.87,False,O,P07,9.19
TAC_A01,45,Theobroma glaucum,Malvaceae,797485.504,9728512.839,7.7,3.2,1.69,False,O,P07,8.77
TAC_A01,46,Theobroma glaucum,Malvaceae,797485.6367,9728512.996,13.1,6.05,3.01,False,O,P07,12.88
TAC_A01,47,Ambelania acida,Apocynaceae,797483.0356,9728514.616,31.0,28.93,13.74,False,O,P07,22.56
TAC_A01,48,Theobroma glaucum,Malvaceae,797482.3774,9728515.09,8.6,3.59,1.61,False,O,P07,9.52
TAC_A01,49,Carapa guianensis,Meliaceae,797476.8266,9728518.097,45.7,24.51,11.25,False,O,P07,27.98
TAC_A01,50,Clitoria fairchildiana,Fabaceae,797470.0433,9728525.188,9.0,11.39,6.95,False,O,P07,9.84
TAC_A01,51,Clitoria fairchildiana,Fabaceae,797469.2128,9728524.571,35.0,20.1,6.54,False,O,P07,24.21
TAC_A01,52,Theobroma glaucum,Malvaceae,797465.2635,9728527.415,18.5,3.94,1.37,False,O,P07,16.31
TAC_A01,54,Theobroma glaucum,Malvaceae,797475.4872,9728523.735,15.4,6.46,2.05,False,O,P07,14.41
TAC_A01,55,Theobroma glaucum,Malvaceae,797475.4872,9728523.735,6.5,3.34,1.74,False,O,P07,7.72
TAC_A01,56,Theobroma glaucum,Malvaceae,797483.7116,9728517.884,13.8,4.29,1.74,False,O,P07,13.36
TAC_A01,57,Theobroma glaucum,Malvaceae,797483.778,9728517.962,6.0,1.95,1.69,False,O,P07,7.27
TAC_A01,58,Theobroma glaucum,Malvaceae,797487.8237,9728514.959,9.6,4.64,2.14,False,O,P07,10.31
TAC_A01,59,Carapa guianensis,Meliaceae,797489.973,9728515.95,47.8,7.19,1.81,False,O,P07,28.63
TAC_A01,60,Theobroma glaucum,Malvaceae,797491.8536,9728512.092,14.4,2.98,1.98,False,O,P07,13.76
TAC_A01,61,Theobroma glaucum,Malvaceae,797491.8536,9728512.092,7.5,1.2,,False,O,P07,8.6
TAC_A01,63,Theobroma glaucum,Malvaceae,797493.6781,9728514.601,6.7,2.95,1.11,False,O,P07,7.9
TAC_A01,64,Theobroma glaucum,Malvaceae,797489.8143,9728517.316,7.8,5.11,2.58,False,O,P07,8.85
TAC_A01,66,Theobroma glaucum,Malvaceae,797472.3624,9728528.496,9.0,3.53,2.05,False,O,P07,9.84
TAC_A01,1,Euterpe oleracea,Arecaceae,798627.8847,9727487.854,11.2,14.26,9.51,False,P,P08,11.53
TAC_A01,2,Euterpe oleracea,Arecaceae,798626.0837,9727489.564,7.0,9.63,4.23,False,P,P08,8.17
TAC_A01,3,Euterpe oleracea,Arecaceae,798625.8586,9727489.778,10.3,12.79,9.37,False,P,P08,10.85
TAC_A01,4,Bertholletia excelsa,Lecythidaceae,798624.1327,9727491.417,55.5,17.88,6.21,False,O,P08,30.8
TAC_A01,5,Euterpe oleracea,Arecaceae,798622.1065,9727493.34,8.6,11.51,7.76,False,P,P08,9.52
TAC_A01,6,Euterpe oleracea,Arecaceae,798618.2838,9727496.826,10.6,13.79,8.08,False,P,P08,11.08
TAC_A01,7,,,798616.5535,9727498.613,9.7,8.04,,True,O,P08,10.39
TAC_A01,8,,,798616.4785,9727498.685,8.6,8.49,,True,O,P08,9.52
TAC_A01,9,Euterpe oleracea,Arecaceae,798614.3773,9727500.68,9.7,12.85,9.27,False,P,P08,10.39
TAC_A01,10,Bertholletia excelsa,Lecythidaceae,798612.7264,9727502.247,53.0,22.32,8.96,False,O,P08,30.13
TAC_A01,12,Theobroma glaucum,Malvaceae,798610.8024,9727507.508,5.7,3.34,1.45,False,O,P08,6.99
TAC_A01,13,Theobroma grandiflorum,Malvaceae,798612.4567,9727505.943,13.7,3.38,0.27,False,O,P08,13.29
TAC_A01,14,Theobroma glaucum,Malvaceae,798614.4119,9727504.093,11.0,4.73,2.47,False,O,P08,11.38
TAC_A01,15,,,798616.1414,9727502.456,11.1,1.8,,True,O,P08,11.45
TAC_A01,16,Theobroma glaucum,Malvaceae,798618.1718,9727500.535,8.9,3.35,1.26,False,O,P08,9.76
TAC_A01,17,Theobroma grandiflorum,Malvaceae,798620.2021,9727498.614,14.1,5.37,0.5,False,O,P08,13.56
TAC_A01,18,Theobroma glaucum,Malvaceae,798621.7813,9727497.12,6.8,3.75,1.54,False,O,P08,7.99
TAC_A01,19,Theobroma grandiflorum,Malvaceae,798623.9579,9727495.205,11.4,5.91,1.98,False,O,P08,11.67
TAC_A01,20,Theobroma glaucum,Malvaceae,798625.6164,9727493.491,7.0,6.09,4.21,False,O,P08,8.17
TAC_A01,21,Theobroma glaucum,Malvaceae,798629.2259,9727490.076,9.1,4.71,1.14,False,O,P08,9.92
TAC_A01,22,Theobroma grandiflorum,Malvaceae,798631.4066,9727488.013,10.2,4.89,1.7,False,O,P08,10.78
TAC_A01,23,Theobroma glaucum,Malvaceae,798633.2866,9727486.234,8.2,5.07,1.92,False,O,P08,9.19
TAC_A01,24,Euterpe oleracea,Arecaceae,798635.0832,9727488.184,11.2,14.75,10.84,False,P,P08,11.53
TAC_A01,25,Euterpe oleracea,Arecaceae,798633.1992,9727489.96,9.6,9.95,5.56,False,P,P08,10.31
TAC_A01,26,Euterpe oleracea,Arecaceae,798633.2746,9727489.889,6.8,5.8,1.36,False,P,P08,7.99
TAC_A01,27,Euterpe oleracea,Arecaceae,798633.1238,9727490.031,10.2,12.01,8.37,False,P,P08,10.78
TAC_A01,28,Euterpe oleracea,Arecaceae,798631.3905,9727491.665,11.8,13.01,9.02,False,P,P08,11.96
TAC_A01,29,Euterpe oleracea,Arecaceae,798631.2398,9727491.807,9.3,12.11,7.34,False,P,P08,10.08
TAC_A01,30,Theobroma glaucum,Malvaceae,798629.5065,9727493.441,11.2,6.41,1.84,False,O,P08,11.53
TAC_A01,31,Euterpe oleracea,Arecaceae,798627.6225,9727495.217,7.8,5.12,1.49,False,P,P08,8.85
TAC_A01,32,Euterpe oleracea,Arecaceae,798625.6631,9727497.064,10.2,13.26,9.25,False,P,P08,10.78
TAC_A01,33,Euterpe oleracea,Arecaceae,798621.7443,9727500.758,12.9,15.01,9.78,False,P,P08,12.74
TAC_A01,34,Euterpe oleracea,Arecaceae,798619.9356,9727502.463,10.3,13.23,10.2,False,P,P08,10.85
TAC_A01,35,Euterpe oleracea,Arecaceae,798619.8602,9727502.534,8.4,13.02,8.58,False,P,P08,9.35
TAC_A01,36,Euterpe oleracea,Arecaceae,798617.8255,9727504.452,11.8,13.47,10.89,False,P,P08,11.96
TAC_A01,37,Euterpe oleracea,Arecaceae,798616.0168,9727506.158,9.5,10.65,7.13,False,P,P08,10.23
TAC_A01,38,Euterpe oleracea,Arecaceae,798615.9415,9727506.229,8.9,8.17,6.08,False,P,P08,9.76
TAC_A01,41,Theobroma glaucum,Malvaceae,798615.6575,9727510.066,11.5,5.85,0.48,False,O,P08,11.75
TAC_A01,42,Theobroma glaucum,Malvaceae,798617.9232,9727507.938,7.0,3.56,1.33,False,O,P08,8.17
TAC_A01,43,Theobroma grandiflorum,Malvaceae,798619.6603,9727506.306,15.1,4.59,1.37,False,O,P08,14.21
TAC_A01,44,Theobroma glaucum,Malvaceae,798621.6995,9727504.391,9.2,4.41,1.99,False,O,P08,10.0
TAC_A01,45,Theobroma grandiflorum,Malvaceae,798623.5876,9727502.618,17.0,6.46,2.37,False,O,P08,15.41
TAC_A01,46,Theobroma glaucum,Malvaceae,798625.2491,9727501.057,5.8,3.71,0.88,False,O,P08,7.09
TAC_A01,47,Theobroma glaucum,Malvaceae,798627.4393,9727499.0,9.4,5.5,1.93,False,O,P08,10.16
TAC_A01,48,Theobroma glaucum,Malvaceae,798629.1009,9727497.439,6.7,4.47,2.45,False,O,P08,7.9
TAC_A01,49,Theobroma glaucum,Malvaceae,798632.8771,9727493.893,9.6,4.58,1.34,False,O,P08,10.31
TAC_A01,50,Theobroma glaucum,Malvaceae,798636.8799,9727490.133,8.5,6.24,3.75,False,O,P08,9.43
TAC_A01,51,Euterpe oleracea,Arecaceae,798638.6766,9727492.083,10.5,11.58,6.92,False,P,P08,11.0
TAC_A01,52,Euterpe oleracea,Arecaceae,798638.6009,9727492.154,11.9,12.44,8.34,False,P,P08,12.03
TAC_A01,53,Euterpe oleracea,Arecaceae,798638.5252,9727492.224,9.0,8.95,5.87,False,P,P08,9.84
TAC_A01,54,Euterpe oleracea,Arecaceae,798636.7087,9727493.924,12.8,13.83,9.45,False,P,P08,12.67
TAC_A01,55,Euterpe oleracea,Arecaceae,798634.6651,9727495.837,11.1,13.39,12.95,False,P,P08,11.45
TAC_A01,56,Theobroma glaucum,Malvaceae,798634.211,9727496.262,9.7,5.8,1.5,False,O,P08,10.39
TAC_A01,57,Euterpe oleracea,Arecaceae,798630.9564,9727499.307,10.2,11.86,8.05,False,P,P08,10.78
TAC_A01,58,Euterpe oleracea,Arecaceae,798630.8807,9727499.378,8.6,7.98,5.18,False,P,P08,9.52
TAC_A01,59,Theobroma glaucum,Malvaceae,798628.9885,9727501.149,9.0,4.69,2.53,False,O,P08,9.84
TAC_A01,60,Theobroma glaucum,Malvaceae,798625.3555,9727504.548,8.5,6.3,3.47,False,O,P08,9.43
TAC_A01,61,Euterpe oleracea,Arecaceae,798622.9335,9727506.815,10.1,13.01,9.51,False,P,P08,10.7
TAC_A01,62,Euterpe oleracea,Arecaceae,798623.0092,9727506.744,11.2,13.28,9.39,False,P,P08,11.53
TAC_A01,63,Euterpe oleracea,Arecaceae,798623.0849,9727506.673,10.0,10.1,7.39,False,P,P08,10.62
TAC_A01,64,Theobroma glaucum,Malvaceae,798621.4954,9727508.16,9.3,6.33,2.42,False,O,P08,10.08
TAC_A01,65,Theobroma glaucum,Malvaceae,798617.7867,9727511.631,7.3,4.66,1.98,False,O,P08,8.43
TAC_A01,67,Theobroma glaucum,Malvaceae,798618.0972,9727514.894,9.1,4.23,1.79,False,O,P08,9.92
TAC_A01,68,Theobroma grandiflorum,Malvaceae,798619.4625,9727513.621,18.2,6.38,1.96,False,O,P08,16.13
TAC_A01,69,Theobroma glaucum,Malvaceae,798621.6622,9727511.571,11.9,7.07,2.7,False,O,P08,12.03
TAC_A01,70,Theobroma grandiflorum,Malvaceae,798623.3309,9727510.015,13.2,6.46,1.97,False,O,P08,12.95
TAC_A01,71,Theobroma glaucum,Malvaceae,798625.3789,9727508.105,9.1,3.11,1.13,False,O,P08,9.92
TAC_A01,72,Theobroma grandiflorum,Malvaceae,798627.1235,9727506.479,14.3,5.46,1.62,False,O,P08,13.69
TAC_A01,73,Theobroma glaucum,Malvaceae,798628.9439,9727504.782,6.9,4.53,1.98,False,O,P08,8.08
TAC_A01,74,Theobroma grandiflorum,Malvaceae,798630.7643,9727503.084,18.3,6.57,2.64,False,O,P08,16.19
TAC_A01,75,Theobroma glaucum,Malvaceae,798632.6606,9727501.316,7.2,3.89,1.4,False,O,P08,8.34
TAC_A01,76,Theobroma grandiflorum,Malvaceae,798634.481,9727499.619,11.0,2.72,1.62,False,O,P08,11.38
TAC_A01,77,Theobroma glaucum,Malvaceae,798636.4532,9727497.781,7.0,3.11,1.41,False,O,P08,8.17
TAC_A01,78,Theobroma grandiflorum,Malvaceae,798638.577,9727495.8,16.3,5.38,1.97,False,O,P08,14.98
TAC_A01,79,Theobroma glaucum,Malvaceae,798640.4733,9727494.032,8.7,4.6,2.22,False,O,P08,9.6
TAC_A01,80,Theobroma glaucum,Malvaceae,798642.27,9727495.982,6.0,2.76,1.21,False,O,P08,7.27
TAC_A01,81,Euterpe oleracea,Arecaceae,798638.3172,9727499.654,9.2,10.29,6.19,False,P,P08,10.0
TAC_A01,82,Euterpe oleracea,Arecaceae,798638.2412,9727499.724,8.2,6.88,2.5,False,P,P08,9.19
TAC_A01,83,Euterpe oleracea,Arecaceae,798638.1652,9727499.795,10.7,12.97,8.05,False,P,P08,11.15
TAC_A01,84,Euterpe oleracea,Arecaceae,798636.2648,9727501.56,11.1,13.19,8.31,False,P,P08,11.45
TAC_A01,85,Euterpe oleracea,Arecaceae,798634.5925,9727503.114,12.8,16.0,11.31,False,P,P08,12.67
TAC_A01,86,Theobroma glaucum,Malvaceae,798630.7158,9727506.715,9.0,6.44,2.75,False,O,P08,9.84
TAC_A01,87,Euterpe oleracea,Arecaceae,798629.1089,9727508.493,10.3,12.41,7.78,False,P,P08,10.85
TAC_A01,88,Euterpe oleracea,Arecaceae,798629.1036,9727508.641,10.2,12.77,8.36,False,P,P08,10.78
TAC_A01,89,Euterpe oleracea,Arecaceae,798629.0275,9727508.712,10.0,12.64,8.55,False,P,P08,10.62
TAC_A01,90,Euterpe oleracea,Arecaceae,798625.2258,9727512.242,12.9,12.12,8.56,False,P,P08,12.74
TAC_A01,91,Euterpe oleracea,Arecaceae,798625.0737,9727512.383,9.4,8.95,3.66,False,P,P08,10.16
TAC_A01,92,Euterpe oleracea,Arecaceae,798624.9273,9727512.376,10.9,10.4,6.67,False,P,P08,11.3
TAC_A01,93,Euterpe oleracea,Arecaceae,798623.1143,9727513.776,10.9,11.13,9.19,False,P,P08,11.3
TAC_A01,94,Euterpe oleracea,Arecaceae,798621.0619,9727515.682,12.3,12.42,9.22,False,P,P08,12.32
TAC_A01,95,Theobroma glaucum,Malvaceae,798619.7696,9727516.883,7.8,4.66,1.69,False,O,P08,8.85
TAC_A01,96,Theobroma glaucum,Malvaceae,798621.3656,9727518.941,9.5,3.94,1.32,False,O,P08,10.23
TAC_A01,97,Theobroma glaucum,Malvaceae,798624.5651,9727515.98,9.3,5.25,1.62,False,O,P08,10.08
TAC_A01,98,Theobroma grandiflorum,Malvaceae,798626.7743,9727513.936,18.6,4.86,1.66,False,O,P08,16.36
TAC_A01,99,Theobroma glaucum,Malvaceae,798628.7549,9727512.103,8.9,2.97,1.97,False,O,P08,9.76
TAC_A01,100,,,798630.7355,9727510.27,15.9,1.97,,True,O,P08,14.73
TAC_A01,101,Theobroma glaucum,Malvaceae,798632.7162,9727508.437,8.7,2.98,1.41,False,O,P08,9.6
TAC_A01,102,Theobroma grandiflorum,Malvaceae,798634.5444,9727506.744,14.7,3.31,1.26,False,O,P08,13.95
TAC_A01,103,Theobroma glaucum,Malvaceae,798636.3727,9727505.052,7.8,2.84,1.24,False,O,P08,8.85
TAC_A01,104,Theobroma grandiflorum,Malvaceae,798638.4295,9727503.149,8.5,3.09,1.24,False,O,P08,9.43
TAC_A01,105,Theobroma glaucum,Malvaceae,798640.1816,9727501.527,6.6,3.57,1.07,False,O,P08,7.81
TAC_A01,106,Theobroma grandiflorum,Malvaceae,798642.2384,9727499.624,14.6,5.77,1.77,False,O,P08,13.89
TAC_A01,107,Theobroma glaucum,Malvaceae,798644.0667,9727497.932,7.9,4.23,1.8,False,O,P08,8.94
TAC_A01,108,Theobroma glaucum,Malvaceae,798645.8634,9727499.881,9.3,5.57,1.89,False,O,P08,10.08
TAC_A01,109,Theobroma glaucum,Malvaceae,798641.8173,9727503.612,8.7,4.01,2.48,False,O,P08,9.6
TAC_A01,110,Bertholletia excelsa,Lecythidaceae,798637.9239,9727507.202,58.9,21.73,9.22,False,O,P08,31.67
TAC_A01,111,Theobroma glaucum,Malvaceae,798632.1983,9727512.482,6.7,5.0,1.5,False,O,P08,7.9
TAC_A01,112,Theobroma glaucum,Malvaceae,798630.3661,9727514.171,5.9,2.14,0.68,False,O,P08,7.18
TAC_A01,113,Bertholletia excelsa,Lecythidaceae,798626.3963,9727517.832,48.0,19.71,8.25,False,O,P08,28.69
TAC_A01,114,Euterpe oleracea,Arecaceae,798624.5641,9727519.521,12.2,12.85,8.37,False,P,P08,12.25
TAC_A01,115,Theobroma glaucum,Malvaceae,798624.7852,9727522.846,9.6,3.12,1.35,False,O,P08,10.31
TAC_A01,116,,,798626.3152,9727521.441,16.6,2.44,,True,O,P08,15.16
TAC_A01,117,Theobroma grandiflorum,Malvaceae,798630.4465,9727517.645,15.3,4.41,1.22,False,O,P08,14.34
TAC_A01,118,Theobroma glaucum,Malvaceae,798632.2061,9727516.029,5.6,4.28,1.44,False,O,P08,6.9
TAC_A01,119,Theobroma grandiflorum,Malvaceae,798634.0422,9727514.342,15.6,7.25,2.04,False,O,P08,14.54
TAC_A01,120,Theobroma glaucum,Malvaceae,798636.3374,9727512.233,7.6,4.33,2.03,False,O,P08,8.68
TAC_A01,121,Theobroma grandiflorum,Malvaceae,798637.944,9727510.757,12.9,6.17,2.11,False,O,P08,12.74
TAC_A01,122,Theobroma glaucum,Malvaceae,798640.2391,9727508.649,5.9,3.67,1.54,False,O,P08,7.18
TAC_A01,123,Theobroma grandiflorum,Malvaceae,798641.6927,9727507.313,14.2,2.42,0.7,False,O,P08,13.62
TAC_A01,124,Theobroma glaucum,Malvaceae,798643.7583,9727505.416,7.9,5.85,2.37,False,O,P08,8.94
TAC_A01,125,,,798645.6709,9727503.658,10.6,1.55,,True,O,P08,11.08
TAC_A01,126,Theobroma glaucum,Malvaceae,798647.66,9727501.831,10.6,4.69,2.11,False,O,P08,11.08
TAC_A01,127,Theobroma glaucum,Malvaceae,798649.4567,9727503.781,7.2,3.38,1.6,False,O,P08,8.34
TAC_A01,128,Euterpe oleracea,Arecaceae,798647.31,9727505.746,13.5,12.05,8.15,False,P,P08,13.15
TAC_A01,129,Euterpe oleracea,Arecaceae,798645.3933,9727507.5,10.9,11.94,8.8,False,P,P08,11.3
TAC_A01,130,Theobroma glaucum,Malvaceae,798643.5533,9727509.184,9.7,4.61,1.94,False,O,P08,10.39
TAC_A01,131,Euterpe oleracea,Arecaceae,798641.6366,9727510.939,11.2,12.5,9.08,False,P,P08,11.53
TAC_A01,132,Theobroma glaucum,Malvaceae,798638.3399,9727513.956,10.6,8.23,1.75,False,O,P08,11.08
TAC_A01,133,Euterpe oleracea,Arecaceae,798635.9632,9727516.132,12.6,13.0,8.36,False,P,P08,12.53
TAC_A01,134,Theobroma glaucum,Malvaceae,798634.1998,9727517.746,10.2,6.9,2.61,False,O,P08,10.78
TAC_A01,135,Euterpe oleracea,Arecaceae,798632.2064,9727519.57,12.2,14.26,10.77,False,P,P08,12.25
TAC_A01,136,Euterpe oleracea,Arecaceae,798632.1298,9727519.641,10.6,4.77,1.87,False,P,P08,11.08
TAC_A01,137,Euterpe oleracea,Arecaceae,798632.0531,9727519.711,8.4,8.6,4.94,False,P,P08,9.35
TAC_A01,138,Euterpe oleracea,Arecaceae,798627.3763,9727523.992,6.6,6.57,2.9,False,P,P08,7.81
TAC_A01,139,Theobroma glaucum,Malvaceae,798630.1364,9727521.465,6.1,3.35,1.36,False,O,P08,7.36
TAC_A01,140,Euterpe oleracea,Arecaceae,798628.0664,9727523.36,8.3,9.05,5.73,False,P,P08,9.27
TAC_A01,141,Euterpe oleracea,Arecaceae,798627.9897,9727523.43,10.9,10.81,7.99,False,P,P08,11.3
TAC_A01,144,Theobroma grandiflorum,Malvaceae,798629.6638,9727525.42,11.4,4.02,1.35,False,O,P08,11.67
TAC_A01,145,Theobroma glaucum,Malvaceae,798631.5078,9727523.738,6.9,3.66,1.48,False,O,P08,8.08
TAC_A01,146,Theobroma grandiflorum,Malvaceae,798633.9664,9727521.496,18.7,4.12,0.89,False,O,P08,16.42
TAC_A01,147,Theobroma glaucum,Malvaceae,798635.7335,9727519.884,5.7,2.22,1.23,False,O,P08,6.99
TAC_A01,148,Theobroma grandiflorum,Malvaceae,798637.6543,9727518.132,14.3,5.24,2.61,False,O,P08,13.69
TAC_A01,149,Theobroma glaucum,Malvaceae,798640.1129,9727515.89,14.4,6.11,2.32,False,O,P08,13.76
TAC_A01,150,Theobroma glaucum,Malvaceae,798643.3398,9727512.947,9.2,2.47,0.69,False,O,P08,10.0
TAC_A01,151,Theobroma grandiflorum,Malvaceae,798645.4142,9727511.056,14.1,4.7,1.34,False,O,P08,13.56
TAC_A01,152,Theobroma glaucum,Malvaceae,798647.2582,9727509.374,8.1,2.57,0.81,False,O,P08,9.1
TAC_A01,153,Theobroma grandiflorum,Malvaceae,798649.3326,9727507.482,15.0,7.47,2.14,False,O,P08,14.15
TAC_A01,154,Theobroma glaucum,Malvaceae,798651.2534,9727505.73,13.1,6.84,2.75,False,O,P08,12.88
TAC_A01,155,Euterpe oleracea,Arecaceae,798651.4332,9727509.149,9.4,9.81,5.54,False,P,P08,10.16
TAC_A01,156,Euterpe oleracea,Arecaceae,798651.3562,9727509.219,11.3,11.86,7.09,False,P,P08,11.6
TAC_A01,157,Euterpe oleracea,Arecaceae,798649.3544,9727511.038,11.6,9.07,,False,P,P08,11.82
TAC_A01,158,Euterpe oleracea,Arecaceae,798649.3544,9727511.038,10.5,9.87,6.67,False,P,P08,11.0
TAC_A01,159,Euterpe oleracea,Arecaceae,798649.2774,9727511.108,10.0,10.36,6.63,False,P,P08,10.62
TAC_A01,160,Euterpe oleracea,Arecaceae,798649.2004,9727511.178,10.0,10.28,6.53,False,P,P08,10.62
TAC_A01,161,Euterpe oleracea,Arecaceae,798647.1215,9727513.067,11.1,11.29,8.95,False,P,P08,11.45
TAC_A01,162,Theobroma glaucum,Malvaceae,798645.2736,9727514.746,7.4,5.66,2.02,False,O,P08,8.51
TAC_A01,1,Tectona grandis,Lamiaceae,798302.9728,9728395.39,24.4,19.03,8.77,False,O,P09,19.5
TAC_A01,2,Tectona grandis,Lamiaceae,798298.7051,9728399.667,27.1,18.94,7.97,False,O,P09,20.81
TAC_A01,3,Tectona grandis,Lamiaceae,798294.2974,9728404.085,30.4,18.08,9.19,False,O,P09,22.3
TAC_A01,4,Tectona grandis,Lamiaceae,798290.1697,9728408.221,25.8,17.83,10.8,False,O,P09,20.19
TAC_A01,5,Tectona grandis,Lamiaceae,798285.9719,9728412.428,22.0,18.73,6.96,False,O,P09,18.26
TAC_A01,6,Tectona grandis,Lamiaceae,798289.1399,9728416.187,37.1,19.7,6.41,False,O,P09,25.01
TAC_A01,7,Tectona grandis,Lamiaceae,798293.3963,9728411.998,28.4,18.77,10.1,False,O,P09,21.41
TAC_A01,8,Tectona grandis,Lamiaceae,798297.5817,9728407.879,27.2,17.29,7.3,False,O,P09,20.86
TAC_A01,9,Tectona grandis,Lamiaceae,798302.0509,9728403.48,25.3,19.18,7.56,False,O,P09,19.95
TAC_A01,10,Tectona grandis,Lamiaceae,798306.4491,9728399.151,34.3,24.5,8.78,False,O,P09,23.93
TAC_A01,11,Tectona grandis,Lamiaceae,798309.925,9728403.06,32.4,18.73,8.03,False,O,P09,23.15
TAC_A01,12,Tectona grandis,Lamiaceae,798305.465,9728407.37,30.5,19.17,6.47,False,O,P09,22.35
TAC_A01,13,Tectona grandis,Lamiaceae,798301.0049,9728411.68,34.3,18.78,8.68,False,O,P09,23.93
TAC_A01,14,Tectona grandis,Lamiaceae,798296.6888,9728415.851,26.1,19.5,9.53,False,O,P09,20.34
TAC_A01,15,Tectona grandis,Lamiaceae,798292.4445,9728419.953,29.3,18.52,8.03,False,O,P09,21.82
TAC_A01,16,Tectona grandis,Lamiaceae,798295.6053,9728423.858,27.9,19.14,10.9,False,O,P09,21.18
TAC_A01,17,Tectona grandis,Lamiaceae,798299.9083,9728419.774,25.0,17.73,5.51,False,O,P09,19.8
TAC_A01,18,Tectona grandis,Lamiaceae,798304.2843,9728415.621,26.1,17.34,7.45,False,O,P09,20.34
TAC_A01,19,Tectona grandis,Lamiaceae,798308.879,9728411.261,25.4,18.58,8.78,False,O,P09,20.0
TAC_A01,20,Tectona grandis,Lamiaceae,798313.4009,9728406.969,24.1,17.08,9.45,False,O,P09,19.35
TAC_A01,21,Tectona grandis,Lamiaceae,798316.8767,9728410.878,35.9,18.53,11.08,False,O,P09,24.56
TAC_A01,22,Tectona grandis,Lamiaceae,798312.2931,9728415.151,30.2,19.26,5.66,False,O,P09,22.22
TAC_A01,23,Tectona grandis,Lamiaceae,798307.6356,9728419.493,24.6,17.14,11.43,False,O,P09,19.6
TAC_A01,24,Tectona grandis,Lamiaceae,798303.2737,9728423.559,30.4,20.48,11.92,False,O,P09,22.3
TAC_A01,25,Tectona grandis,Lamiaceae,798298.838,9728427.694,28.7,19.45,8.37,False,O,P09,21.55
TAC_A01,26,Tectona grandis,Lamiaceae,798302.0707,9728431.529,31.6,19.36,7.3,False,O,P09,22.82
TAC_A01,27,Tectona grandis,Lamiaceae,798306.5662,9728427.412,27.8,19.05,9.39,False,O,P09,21.14
TAC_A01,28,Tectona grandis,Lamiaceae,798311.0618,9728423.295,23.3,17.55,6.51,False,O,P09,18.94
TAC_A01,29,Tectona grandis,Lamiaceae,798315.7072,9728419.041,27.2,19.17,18.53,False,O,P09,20.86
TAC_A01,30,Tectona grandis,Lamiaceae,798320.3526,9728414.787,30.8,18.92,10.53,False,O,P09,22.48
TAC_A01,1,Tectona grandis,Lamiaceae,796792.2915,9729225.256,25.0,17.41,7.18,False,O,P10,19.8
TAC_A01,2,Tectona grandis,Lamiaceae,796789.7971,9729226.051,17.8,18.36,9.29,False,O,P10,15.89
TAC_A01,3,Tectona grandis,Lamiaceae,796787.7823,9729226.693,17.0,17.91,10.98,False,O,P10,15.41
TAC_A01,4,Tectona grandis,Lamiaceae,796785.2879,9729227.487,22.7,17.88,9.25,False,O,P10,18.63
TAC_A01,5,Tectona grandis,Lamiaceae,796783.465,9729228.068,21.0,19.21,13.21,False,O,P10,17.72
TAC_A01,6,Tectona grandis,Lamiaceae,796781.6422,9729228.649,24.0,20.0,11.1,False,O,P10,19.3
TAC_A01,7,Tectona grandis,Lamiaceae,796779.4356,9729229.352,14.0,16.93,10.01,False,O,P10,13.49
TAC_A01,8,Tectona grandis,Lamiaceae,796777.0371,9729230.116,17.1,18.15,13.09,False,O,P10,15.47
TAC_A01,9,Tectona grandis,Lamiaceae,796775.1183,9729230.727,20.1,19.42,11.19,False,O,P10,17.22
TAC_A01,10,Tectona grandis,Lamiaceae,796773.0076,9729231.4,16.2,19.46,15.29,False,O,P10,14.91
TAC_A01,11,Tectona grandis,Lamiaceae,796770.9928,9729232.042,23.9,22.67,16.07,False,O,P10,19.25
TAC_A01,12,Tectona grandis,Lamiaceae,796768.6903,9729232.775,16.7,18.61,10.95,False,O,P10,15.22
TAC_A01,13,Tectona grandis,Lamiaceae,796766.8674,9729233.356,15.6,14.52,12.47,False,O,P10,14.54
TAC_A01,14,Tectona grandis,Lamiaceae,796770.2255,9729235.495,10.4,12.06,,False,O,P10,10.93
TAC_A01,15,Tectona grandis,Lamiaceae,796772.5968,9729234.743,17.7,20.3,14.85,False,O,P10,15.83
TAC_A01,16,Tectona grandis,Lamiaceae,796774.6837,9729234.081,16.4,17.42,12.92,False,O,P10,15.04
TAC_A01,17,Tectona grandis,Lamiaceae,796776.5808,9729233.479,16.3,16.14,11.92,False,O,P10,14.98
TAC_A01,18,Tectona grandis,Lamiaceae,796778.4779,9729232.878,18.9,19.02,12.69,False,O,P10,16.54
TAC_A01,19,Tectona grandis,Lamiaceae,796782.7463,9729231.524,14.4,16.89,11.62,False,O,P10,13.76
TAC_A01,20,Tectona grandis,Lamiaceae,796785.3074,9729230.712,16.7,18.94,9.23,False,O,P10,15.22
TAC_A01,21,Tectona grandis,Lamiaceae,796788.7222,9729229.629,22.5,22.64,16.0,False,O,P10,18.53
TAC_A01,22,Tectona grandis,Lamiaceae,796790.9039,9729228.937,13.5,17.38,9.63,False,O,P10,13.15
TAC_A01,23,Tectona grandis,Lamiaceae,796794.8655,9729231.016,21.5,19.7,11.62,False,O,P10,17.99
TAC_A01,24,Tectona grandis,Lamiaceae,796793.4594,9729231.46,21.5,19.64,11.28,False,O,P10,17.99
TAC_A01,25,Tectona grandis,Lamiaceae,796790.366,9729232.436,16.1,16.87,12.65,False,O,P10,14.85
TAC_A01,26,Tectona grandis,Lamiaceae,796788.3038,9729233.087,18.1,24.42,14.28,False,O,P10,16.07
TAC_A01,27,Tectona grandis,Lamiaceae,796786.054,9729233.797,17.6,19.23,8.78,False,O,P10,15.77
TAC_A01,28,Tectona grandis,Lamiaceae,796783.9918,9729234.448,13.9,15.47,9.96,False,O,P10,13.42
TAC_A01,29,Tectona grandis,Lamiaceae,796782.2108,9729235.01,21.5,21.28,13.85,False,O,P10,17.99
TAC_A01,30,Tectona grandis,Lamiaceae,796778.0863,9729236.312,21.7,21.33,13.96,False,O,P10,18.1
TAC_A01,31,Tectona grandis,Lamiaceae,796776.024,9729236.963,19.6,17.92,13.53,False,O,P10,16.94
TAC_A01,32,Tectona grandis,Lamiaceae,796774.0555,9729237.584,22.8,20.7,13.1,False,O,P10,18.68
TAC_A01,33,Tectona grandis,Lamiaceae,796772.087,9729238.206,16.6,16.73,7.9,False,O,P10,15.16
TAC_A01,34,Tectona grandis,Lamiaceae,796770.306,9729238.768,18.9,17.83,10.37,False,O,P10,16.54
TAC_A01,35,Tectona grandis,Lamiaceae,796767.7751,9729239.566,15.2,17.34,14.18,False,O,P10,14.28
TAC_A01,36,Tectona grandis,Lamiaceae,796769.4977,9729242.879,16.7,20.55,13.98,False,O,P10,15.22
TAC_A01,37,Tectona grandis,Lamiaceae,796769.0356,9729243.024,14.8,16.14,8.81,False,O,P10,14.02
TAC_A01,38,Tectona grandis,Lamiaceae,796773.6571,9729241.574,19.2,19.1,10.79,False,O,P10,16.71
TAC_A01,39,Tectona grandis,Lamiaceae,796775.8754,9729240.878,19.4,19.43,9.03,False,O,P10,16.83
TAC_A01,40,Tectona grandis,Lamiaceae,796777.8164,9729240.269,17.0,24.09,9.42,False,O,P10,15.41
TAC_A01,41,Tectona grandis,Lamiaceae,796779.8499,9729239.63,15.7,20.01,11.94,False,O,P10,14.6
TAC_A01,42,Tectona grandis,Lamiaceae,796781.6985,9729239.05,15.4,18.73,8.85,False,O,P10,14.41
TAC_A01,43,Tectona grandis,Lamiaceae,796783.732,9729238.412,21.3,20.63,12.33,False,O,P10,17.88
TAC_A01,44,Tectona grandis,Lamiaceae,796785.7654,9729237.774,21.3,19.14,11.52,False,O,P10,17.88
TAC_A01,45,Tectona grandis,Lamiaceae,796787.7989,9729237.136,17.5,19.59,18.92,False,O,P10,15.71
TAC_A01,46,Tectona grandis,Lamiaceae,796790.4794,9729236.295,22.5,21.85,11.48,False,O,P10,18.53
TAC_A01,47,Tectona grandis,Lamiaceae,796791.8658,9729235.86,14.8,17.08,10.03,False,O,P10,14.02
TAC_A01,48,Tectona grandis,Lamiaceae,796793.9917,9729235.193,19.7,18.9,11.75,False,O,P10,17.0
TAC_A01,49,Tectona grandis,Lamiaceae,796796.3025,9729234.468,17.2,17.73,8.77,False,O,P10,15.53
TAC_A01,50,Tectona grandis,Lamiaceae,796797.6632,9729237.277,21.3,18.71,13.2,False,O,P10,17.88
TAC_A01,51,Tectona grandis,Lamiaceae,796795.3796,9729237.99,18.5,16.68,11.4,False,O,P10,16.31
TAC_A01,52,Tectona grandis,Lamiaceae,796793.4613,9729238.589,18.9,19.01,14.98,False,O,P10,16.54
TAC_A01,53,Tectona grandis,Lamiaceae,796789.9902,9729239.673,19.8,20.32,10.98,False,O,P10,17.05
TAC_A01,54,Tectona grandis,Lamiaceae,796787.5239,9729240.443,19.5,20.26,12.69,False,O,P10,16.88
TAC_A01,55,Tectona grandis,Lamiaceae,796786.1537,9729240.871,14.0,16.6,8.7,False,O,P10,13.49
TAC_A01,56,Tectona grandis,Lamiaceae,796784.0528,9729241.527,16.9,20.99,9.31,False,O,P10,15.35
TAC_A01,57,Tectona grandis,Lamiaceae,796782.0432,9729242.154,16.5,19.54,11.9,False,O,P10,15.1
TAC_A01,58,Tectona grandis,Lamiaceae,796779.9422,9729242.81,20.2,20.03,12.2,False,O,P10,17.28
TAC_A01,59,Tectona grandis,Lamiaceae,796777.9326,9729243.438,18.1,18.83,9.6,False,O,P10,16.07
TAC_A01,60,Tectona grandis,Lamiaceae,796775.7403,9729244.122,14.6,17.63,12.87,False,O,P10,13.89
TAC_A01,61,Tectona grandis,Lamiaceae,796774.3702,9729244.55,16.0,20.49,13.59,False,O,P10,14.79
TAC_A01,62,Tectona grandis,Lamiaceae,796772.2692,9729245.206,16.9,18.32,9.65,False,O,P10,15.35
TAC_A01,63,Tectona grandis,Lamiaceae,796773.8853,9729247.989,21.6,19.05,9.13,False,O,P10,18.05
TAC_A01,64,Tectona grandis,Lamiaceae,796775.329,9729247.541,18.7,16.14,9.58,False,O,P10,16.42
TAC_A01,65,Tectona grandis,Lamiaceae,796777.4042,9729246.897,16.1,18.02,11.67,False,O,P10,14.85
TAC_A01,66,,,796779.5697,9729246.224,13.2,13.09,,True,O,P10,12.95
TAC_A01,67,Tectona grandis,Lamiaceae,796781.284,9729245.692,16.2,17.01,7.5,False,O,P10,14.91
TAC_A01,68,Tectona grandis,Lamiaceae,796783.4495,9729245.019,16.6,15.18,6.11,False,O,P10,15.16
TAC_A01,69,Tectona grandis,Lamiaceae,796785.3443,9729244.43,15.1,16.9,6.55,False,O,P10,14.21
TAC_A01,70,Tectona grandis,Lamiaceae,796787.6903,9729243.702,18.6,18.53,12.49,False,O,P10,16.36
TAC_A01,71,Tectona grandis,Lamiaceae,796789.1339,9729243.253,16.0,16.68,12.69,False,O,P10,14.79
TAC_A01,72,Tectona grandis,Lamiaceae,796791.1189,9729242.637,22.4,19.08,12.92,False,O,P10,18.47
TAC_A01,73,Tectona grandis,Lamiaceae,796793.4649,9729241.908,19.2,19.26,13.37,False,O,P10,16.71
TAC_A01,74,Tectona grandis,Lamiaceae,796795.089,9729241.404,21.9,20.45,14.33,False,O,P10,18.21
TAC_A01,75,Tectona grandis,Lamiaceae,796797.1642,9729240.759,14.0,12.12,8.68,False,O,P10,13.49
TAC_A01,76,Tectona grandis,Lamiaceae,796798.9688,9729240.199,15.6,17.17,8.87,False,O,P10,14.54
TAC_A01,77,Tectona grandis,Lamiaceae,796800.2744,9729243.121,19.0,15.67,8.85,False,O,P10,16.6
TAC_A01,78,Tectona grandis,Lamiaceae,796798.4031,9729243.699,21.6,16.81,11.5,False,O,P10,18.05
TAC_A01,79,Tectona grandis,Lamiaceae,796796.5317,9729244.277,18.2,21.54,10.27,False,O,P10,16.13
TAC_A01,80,Tectona grandis,Lamiaceae,796794.2148,9729244.992,14.9,13.94,9.38,False,O,P10,14.08
TAC_A01,81,Tectona grandis,Lamiaceae,796790.5613,9729246.121,15.1,14.63,7.87,False,O,P10,14.21
TAC_A01,82,Tectona grandis,Lamiaceae,796788.9573,9729246.617,17.5,18.1,8.45,False,O,P10,15.71
TAC_A01,83,Tectona grandis,Lamiaceae,796786.7295,9729247.305,12.9,15.52,10.51,False,O,P10,12.74
TAC_A01,84,,,796785.0363,9729247.828,12.8,10.4,,True,O,P10,12.67
TAC_A01,85,Tectona grandis,Lamiaceae,796782.9868,9729248.461,14.5,17.65,12.47,False,O,P10,13.82
TAC_A01,86,Tectona grandis,Lamiaceae,796781.0263,9729249.066,17.6,17.44,13.77,False,O,P10,15.77
TAC_A01,87,Tectona grandis,Lamiaceae,796778.5312,9729249.837,16.9,16.43,9.42,False,O,P10,15.35
TAC_A01,88,Tectona grandis,Lamiaceae,796776.8381,9729250.36,18.5,18.39,12.15,False,O,P10,16.31
TAC_A01,89,Tectona grandis,Lamiaceae,796775.4123,9729250.801,22.0,18.12,13.4,False,O,P10,18.26
TAC_A01,90,Tectona grandis,Lamiaceae,796777.0295,9729253.584,17.8,18.71,12.78,False,O,P10,15.89
TAC_A01,91,Tectona grandis,Lamiaceae,796778.7014,9729253.07,12.8,14.3,8.75,False,O,P10,12.67
TAC_A01,92,Tectona grandis,Lamiaceae,796780.7253,9729252.448,21.3,18.7,12.61,False,O,P10,17.88
TAC_A01,93,,,796782.7492,9729251.827,11.0,13.85,,True,O,P10,11.38
TAC_A01,94,Tectona grandis,Lamiaceae,796786.5329,9729250.664,12.5,15.82,9.34,False,O,P10,12.46
TAC_A01,95,Tectona grandis,Lamiaceae,796788.4688,9729250.07,14.8,15.09,10.28,False,O,P10,14.02
TAC_A01,96,Tectona grandis,Lamiaceae,796790.5807,9729249.421,12.9,18.72,11.34,False,O,P10,12.74
TAC_A01,97,Tectona grandis,Lamiaceae,796791.9886,9729248.989,20.7,15.73,13.1,False,O,P10,17.56
TAC_A01,98,Tectona grandis,Lamiaceae,796793.7485,9729248.448,18.3,16.32,8.72,False,O,P10,16.19
TAC_A01,99,Tectona grandis,Lamiaceae,796796.2124,9729247.691,13.3,13.07,8.42,False,O,P10,13.02
TAC_A01,100,Tectona grandis,Lamiaceae,796797.6203,9729247.259,11.6,13.97,9.52,False,O,P10,11.82
TAC_A01,101,Tectona grandis,Lamiaceae,796799.7321,9729246.61,14.5,14.7,7.2,False,O,P10,13.82
TAC_A01,102,Tectona grandis,Lamiaceae,796801.58,9729246.042,15.5,16.54,9.68,False,O,P10,14.47
TAC_A01,103,Tectona grandis,Lamiaceae,796802.8857,9729248.964,13.0,14.66,10.31,False,O,P10,12.81
TAC_A01,104,Tectona grandis,Lamiaceae,796800.8875,9729249.574,13.8,16.34,7.46,False,O,P10,13.36
TAC_A01,105,Tectona grandis,Lamiaceae,796799.2368,9729250.079,16.3,14.98,5.75,False,O,P10,14.98
TAC_A01,106,Tectona grandis,Lamiaceae,796796.978,9729250.768,15.0,13.6,7.11,False,O,P10,14.15
TAC_A01,107,Tectona grandis,Lamiaceae,796795.2404,9729251.299,18.8,15.25,6.63,False,O,P10,16.48
TAC_A01,108,Tectona grandis,Lamiaceae,796793.2422,9729251.909,27.4,19.83,12.49,False,O,P10,20.95
TAC_A01,109,Tectona grandis,Lamiaceae,796791.3309,9729252.493,17.2,15.64,8.08,False,O,P10,15.53
TAC_A01,110,Tectona grandis,Lamiaceae,796789.6802,9729252.997,14.5,16.05,7.49,False,O,P10,13.82
TAC_A01,111,Tectona grandis,Lamiaceae,796787.9426,9729253.528,14.7,13.12,5.99,False,O,P10,13.95
TAC_A01,112,Tectona grandis,Lamiaceae,796785.7707,9729254.191,16.6,16.38,6.09,False,O,P10,15.16
TAC_A01,113,Tectona grandis,Lamiaceae,796783.9463,9729254.748,16.0,13.62,8.04,False,O,P10,14.79
TAC_A01,114,Tectona grandis,Lamiaceae,796781.7743,9729255.412,14.9,12.14,6.98,False,O,P10,14.08
TAC_A01,115,Tectona grandis,Lamiaceae,796780.1236,9729255.916,14.3,16.22,12.35,False,O,P10,13.69
TAC_A01,116,Tectona grandis,Lamiaceae,796778.4729,9729256.42,15.2,15.53,10.73,False,O,P10,14.28
TAC_A01,1,Elaeis oleifera,Arecaceae,797470.8498,9728947.311,83.5,11.96,4.14,False,P,P11,36.61
TAC_A01,2,Elaeis oleifera,Arecaceae,797456.1869,9728953.995,95.2,10.4,3.75,False,P,P11,38.34
TAC_A01,3,Elaeis oleifera,Arecaceae,797450.7458,9728961.557,108.9,9.9,2.68,False,P,P11,40.0
TAC_A01,4,Elaeis oleifera,Arecaceae,797465.4647,9728954.818,82.4,10.05,2.81,False,P,P11,36.43
TAC_A01,5,Elaeis oleifera,Arecaceae,797474.9274,9728955.627,10.4,12.32,2.8,False,P,P11,10.93
TAC_A01,6,Elaeis oleifera,Arecaceae,797460.2017,9728962.509,85.2,12.86,4.72,False,P,P11,36.88
TAC_A01,7,Elaeis oleifera,Arecaceae,797469.3794,9728963.451,82.0,11.44,2.62,False,P,P11,36.36
TAC_A01,8,Elaeis oleifera,Arecaceae,797478.4676,9728964.293,103.8,11.15,2.88,False,P,P11,39.42
TAC_A01,9,Elaeis oleifera,Arecaceae,797464.2984,9728971.196,99.5,10.2,3.47,False,P,P11,38.9
TAC_A01,10,Elaeis oleifera,Arecaceae,797459.3994,9728978.996,93.3,9.39,3.2,False,P,P11,38.08
TAC_A01,11,Elaeis oleifera,Arecaceae,797473.294,9728972.084,103.3,11.49,3.38,False,P,P11,39.37
TAC_A01,1,Swietenia macrophylla ,Meliaceae,797767.1269,9728855.402,19.0,10.03,3.66,False,O,P12,16.6
TAC_A01,2,Theobroma glaucum,Malvaceae,797762.5053,9728857.252,15.0,4.23,1.68,False,O,P12,14.15
TAC_A01,3,Theobroma glaucum,Malvaceae,797757.8837,9728859.102,14.6,4.2,1.26,False,O,P12,13.89
TAC_A01,4,Swietenia macrophylla ,Meliaceae,797753.3565,9728860.915,21.8,9.75,4.88,False,O,P12,18.15
TAC_A01,5,Theobroma glaucum,Malvaceae,797748.5463,9728862.841,8.8,1.6,1.46,False,O,P12,9.68
TAC_A01,6,Theobroma glaucum,Malvaceae,797744.0191,9728864.653,8.4,2.14,1.68,False,O,P12,9.35
TAC_A01,7,Swietenia macrophylla ,Meliaceae,797739.3947,9728866.715,17.0,8.84,2.9,False,O,P12,15.41
TAC_A01,8,Theobroma glaucum,Malvaceae,797740.9943,9728869.956,8.7,2.97,1.41,False,O,P12,9.6
TAC_A01,9,Theobroma glaucum,Malvaceae,797745.9772,9728867.978,10.5,3.04,0.96,False,O,P12,11.0
TAC_A01,10,Theobroma glaucum,Malvaceae,797750.396,9728866.224,6.9,2.82,1.26,False,O,P12,8.08
TAC_A01,11,Theobroma glaucum,Malvaceae,797755.1908,9728864.32,8.7,3.11,1.16,False,O,P12,9.6
TAC_A01,12,Theobroma glaucum,Malvaceae,797759.7036,9728862.529,13.3,3.43,0.91,False,O,P12,13.02
TAC_A01,13,Theobroma glaucum,Malvaceae,797764.0284,9728860.812,6.4,2.97,1.4,False,O,P12,7.64
TAC_A01,14,Theobroma glaucum,Malvaceae,797768.8233,9728858.909,9.5,2.89,0.87,False,O,P12,10.23
TAC_A01,15,Theobroma glaucum,Malvaceae,797770.4761,9728862.326,7.6,2.11,0.84,False,O,P12,8.68
TAC_A01,16,Theobroma glaucum,Malvaceae,797765.784,9728864.386,8.1,3.08,1.22,False,O,P12,9.1
TAC_A01,17,Theobroma glaucum,Malvaceae,797761.5619,9728866.26,7.4,2.69,1.42,False,O,P12,8.51
TAC_A01,18,Theobroma glaucum,Malvaceae,797757.1584,9728867.992,5.0,3.52,1.81,False,O,P12,6.33
TAC_A01,19,Theobroma glaucum,Malvaceae,797757.3457,9728867.918,7.4,1.36,1.06,False,O,P12,8.51
TAC_A01,20,Theobroma glaucum,Malvaceae,797754.8201,9728868.7,1.6,4.35,1.86,False,O,P12,2.59
TAC_A01,21,Theobroma glaucum,Malvaceae,797747.8857,9728871.428,9.7,4.18,1.4,False,O,P12,10.39
TAC_A01,22,Theobroma glaucum,Malvaceae,797742.9192,9728873.382,11.0,3.78,1.35,False,O,P12,11.38
TAC_A01,23,Tabebuia chrysotricha,,797744.7501,9728876.845,7.3,2.98,1.23,False,O,P12,8.43
TAC_A01,24,Theobroma glaucum,Malvaceae,797749.5135,9728874.988,9.0,2.94,0.97,False,O,P12,9.84
TAC_A01,25,Theobroma glaucum,Malvaceae,797753.9032,9728873.277,13.2,4.38,1.58,False,O,P12,12.95
TAC_A01,26,Tabebuia chrysotricha,,797758.76,9728871.383,6.0,3.43,1.47,False,O,P12,7.27
TAC_A01,27,Theobroma glaucum,Malvaceae,797763.1498,9728869.672,9.0,4.48,2.1,False,O,P12,9.84
TAC_A01,28,Theobroma glaucum,Malvaceae,797767.5396,9728867.961,10.1,3.84,1.65,False,O,P12,10.7
TAC_A01,29,Tabebuia chrysotricha,,797772.303,9728866.104,7.0,4.54,2.05,False,O,P12,8.17
TAC_A01,30,Theobroma glaucum,Malvaceae,797773.9559,9728869.521,11.4,3.52,1.11,False,O,P12,11.67
TAC_A01,31,Theobroma glaucum,Malvaceae,797769.7168,9728871.266,16.6,3.53,1.23,False,O,P12,15.16
TAC_A01,32,Theobroma glaucum,Malvaceae,797766.3163,9728872.685,13.5,3.93,1.52,False,O,P12,13.15
TAC_A01,33,Theobroma glaucum,Malvaceae,797760.8239,9728874.807,7.5,2.39,1.4,False,O,P12,8.6
TAC_A01,34,Theobroma glaucum,Malvaceae,797756.1244,9728876.517,12.9,4.51,1.14,False,O,P12,12.74
TAC_A01,35,Theobroma glaucum,Malvaceae,797751.7941,9728878.295,12.3,4.2,1.26,False,O,P12,12.32
TAC_A01,36,Theobroma glaucum,Malvaceae,797746.5809,9728880.309,7.3,1.9,1.06,False,O,P12,8.43
TAC_A01,37,Theobroma glaucum,Malvaceae,797748.3203,9728883.599,9.9,3.25,1.6,False,O,P12,10.55
TAC_A01,38,Theobroma glaucum,Malvaceae,797753.6077,9728881.784,7.9,3.01,1.3,False,O,P12,8.94
TAC_A01,39,Theobroma glaucum,Malvaceae,797757.9685,9728880.115,7.7,2.16,0.81,False,O,P12,8.77
TAC_A01,40,Theobroma glaucum,Malvaceae,797762.6076,9728878.34,12.8,3.36,1.51,False,O,P12,12.67
TAC_A01,41,Theobroma glaucum,Malvaceae,797767.154,9728876.6,7.2,2.08,0.91,False,O,P12,8.34
TAC_A01,42,Theobroma glaucum,Malvaceae,797771.422,9728874.967,10.6,3.11,1.16,False,O,P12,11.08
TAC_A01,43,Theobroma glaucum,Malvaceae,797775.7828,9728873.298,9.8,2.84,0.65,False,O,P12,10.47
TAC_A01,44,Swietenia macrophylla ,Meliaceae,797777.5227,9728876.895,19.7,10.78,4.73,False,O,P12,17.0
TAC_A01,45,Theobroma glaucum,Malvaceae,797773.1764,9728878.543,10.2,2.53,1.58,False,O,P12,10.78
TAC_A01,46,Theobroma glaucum,Malvaceae,797769.8473,9728879.805,10.8,3.72,1.58,False,O,P12,11.23
TAC_A01,47,Swietenia macrophylla ,Meliaceae,797764.2988,9728881.908,16.8,9.26,5.36,False,O,P12,15.29
TAC_A01,48,Theobroma glaucum,Malvaceae,797759.7676,9728883.625,11.7,3.38,1.6,False,O,P12,11.89
TAC_A01,49,Theobroma glaucum,Malvaceae,797755.4213,9728885.273,12.7,3.38,1.6,False,O,P12,12.6
TAC_A01,50,Swietenia macrophylla ,Meliaceae,797750.4277,9728887.165,20.7,11.49,4.82,False,O,P12,17.56
TAC_A01,51,Theobroma glaucum,Malvaceae,797751.7074,9728890.006,12.2,3.75,1.51,False,O,P12,12.25
TAC_A01,52,Theobroma glaucum,Malvaceae,797762.1316,9728885.876,5.7,2.54,1.64,False,O,P12,6.99
TAC_A01,53,,,797762.1316,9728885.876,5.7,2.65,,True,O,P12,6.99
TAC_A01,54,Theobroma glaucum,Malvaceae,797770.249,9728882.821,10.1,3.27,1.77,False,O,P12,10.7
TAC_A01,55,Theobroma glaucum,Malvaceae,797774.5844,9728881.19,13.4,1.72,0.39,False,O,P12,13.08
TAC_A01,56,Theobroma glaucum,Malvaceae,797778.8276,9728879.593,5.6,1.71,0.66,False,O,P12,6.9
TAC_A01,1,Euterpe oleracea,Arecaceae,797968.0115,9729045.783,8.5,8.62,4.38,False,P,P13,9.43
TAC_A01,2,,,797967.9574,9729045.918,8.7,1.85,,True,O,P13,9.6
TAC_A01,3,Euterpe oleracea,Arecaceae,797967.9166,9729045.832,5.6,5.82,1.64,False,P,P13,6.9
TAC_A01,4,Euterpe oleracea,Arecaceae,797967.8217,9729045.882,6.7,6.47,1.81,False,P,P13,7.9
TAC_A01,5,Euterpe oleracea,Arecaceae,797967.632,9729045.981,8.1,8.42,3.72,False,P,P13,9.1
TAC_A01,6,Euterpe oleracea,Arecaceae,797964.8801,9729047.416,5.6,3.8,1.35,False,P,P13,6.9
TAC_A01,7,Euterpe oleracea,Arecaceae,797964.8272,9729047.55,5.5,3.76,1.14,False,P,P13,6.81
TAC_A01,8,Euterpe oleracea,Arecaceae,797962.4988,9729048.871,6.3,5.21,1.37,False,P,P13,7.54
TAC_A01,9,Euterpe oleracea,Arecaceae,797961.697,9729049.183,7.8,8.11,3.66,False,P,P13,8.85
TAC_A01,10,Euterpe oleracea,Arecaceae,797960.2232,9729050.058,7.3,7.84,4.04,False,P,P13,8.43
TAC_A01,11,Ximenia americana,Olacaceae,797957.9923,9729051.327,19.2,10.09,4.72,False,O,P13,16.71
TAC_A01,12,Euterpe oleracea,Arecaceae,797953.0185,9729053.604,5.7,8.7,2.78,False,P,P13,6.99
TAC_A01,13,Ximenia americana,Olacaceae,797951.5475,9729054.477,28.8,13.2,4.34,False,O,P13,21.59
TAC_A01,14,Ximenia americana,Olacaceae,797948.7967,9729055.911,20.4,11.96,3.84,False,O,P13,17.39
TAC_A01,16,Euterpe oleracea,Arecaceae,797947.371,9729056.445,6.8,7.05,3.37,False,P,P13,7.99
TAC_A01,17,Cordia goeldiana,Boraginaceae,797946.2812,9729057.118,25.9,13.2,5.58,False,O,P13,20.24
TAC_A01,18,Clarisia racemosa,Moraceae,797945.9016,9729057.316,13.7,10.75,7.71,False,O,P13,13.29
TAC_A01,19,Clarisia racemosa,Moraceae,797945.8067,9729057.366,8.2,5.99,4.41,False,O,P13,9.19
TAC_A01,20,Clarisia racemosa,Moraceae,797945.7613,9729057.494,7.7,6.7,4.06,False,O,P13,8.77
TAC_A01,21,Clarisia racemosa,Moraceae,797943.7191,9729058.455,6.6,5.25,2.75,False,O,P13,7.81
TAC_A01,22,Clarisia racemosa,Moraceae,797943.7191,9729058.455,13.7,8.25,2.75,False,O,P13,13.29
TAC_A01,23,Euterpe oleracea,Arecaceae,797941.8212,9729059.445,7.3,5.79,2.58,False,P,P13,8.43
TAC_A01,28,Euterpe oleracea,Arecaceae,797944.5086,9729063.169,7.1,6.3,3.93,False,P,P13,8.25
TAC_A01,29,Euterpe oleracea,Arecaceae,797944.5086,9729063.169,6.2,7.36,3.2,False,P,P13,7.45
TAC_A01,30,Banara guianensis,Salicaceae,797944.2294,9729063.314,9.8,7.6,1.64,False,O,P13,10.47
TAC_A01,31,Euterpe oleracea,Arecaceae,797949.7202,9729060.471,7.3,6.28,2.3,False,P,P13,8.43
TAC_A01,32,Euterpe oleracea,Arecaceae,797949.9064,9729060.374,7.3,6.32,2.97,False,P,P13,8.43
TAC_A01,33,Euterpe oleracea,Arecaceae,797949.8133,9729060.422,9.2,8.9,4.25,False,P,P13,10.0
TAC_A01,34,Euterpe oleracea,Arecaceae,797952.7914,9729058.88,9.0,5.61,2.4,False,P,P13,9.84
TAC_A01,35,Euterpe oleracea,Arecaceae,797954.7458,9729057.868,8.3,7.87,3.59,False,P,P13,9.27
TAC_A01,36,Banara guianensis,Salicaceae,797956.2344,9729057.308,16.2,9.45,1.87,False,O,P13,14.91
TAC_A01,37,Ximenia americana,Olacaceae,797959.2129,9729055.555,11.5,8.25,4.86,False,O,P13,11.75
TAC_A01,38,Ximenia americana,Olacaceae,797959.0268,9729055.651,23.1,7.64,3.59,False,O,P13,18.84
TAC_A01,39,Euterpe oleracea,Arecaceae,797962.3772,9729053.916,5.5,5.15,1.79,False,P,P13,6.81
TAC_A01,40,Euterpe oleracea,Arecaceae,797966.0067,9729052.037,8.4,7.21,3.08,False,P,P13,9.35
TAC_A01,41,Banara guianensis,Salicaceae,797967.775,9729051.121,14.6,12.63,3.47,False,O,P13,13.89
TAC_A01,42,Euterpe oleracea,Arecaceae,797968.6126,9729050.688,6.6,6.3,2.37,False,P,P13,7.81
TAC_A01,43,Euterpe oleracea,Arecaceae,797968.6126,9729050.688,5.0,4.28,1.39,False,P,P13,6.33
TAC_A01,44,Banara guianensis,Salicaceae,797970.0978,9729054.915,7.5,7.7,3.07,False,O,P13,8.6
TAC_A01,45,Banara guianensis,Salicaceae,797969.1923,9729055.168,10.2,7.18,2.19,False,O,P13,10.78
TAC_A01,46,Banara guianensis,Salicaceae,797967.6387,9729055.967,8.8,9.91,2.39,False,O,P13,9.68
TAC_A01,47,Banara guianensis,Salicaceae,797967.1331,9729056.333,9.4,8.3,5.16,False,O,P13,10.16
TAC_A01,48,Banara guianensis,Salicaceae,797967.1391,9729056.118,8.7,8.66,6.09,False,O,P13,9.6
TAC_A01,49,Banara guianensis,Salicaceae,797963.0721,9729058.104,6.4,10.64,5.39,False,O,P13,7.64
TAC_A01,50,Banara guianensis,Salicaceae,797963.1164,9729058.186,7.8,10.64,6.86,False,O,P13,8.85
TAC_A01,51,Banara guianensis,Salicaceae,797963.1554,9729058.694,9.1,8.24,3.27,False,O,P13,9.92
TAC_A01,52,Ximenia americana,Olacaceae,797958.2749,9729061.307,10.2,7.37,1.89,False,O,P13,10.78
TAC_A01,53,Ximenia americana,Olacaceae,797957.4096,9729061.857,15.4,8.9,2.98,False,O,P13,14.41
TAC_A01,54,Ximenia americana,Olacaceae,797956.9981,9729061.963,11.2,6.18,2.38,False,O,P13,11.53
TAC_A01,55,Euterpe oleracea,Arecaceae,797956.4101,9729062.58,7.2,5.66,3.73,False,P,P13,8.34
TAC_A01,56,Euterpe oleracea,Arecaceae,797956.319,9729062.627,6.3,5.82,1.73,False,P,P13,7.54
TAC_A01,57,Ximenia americana,Olacaceae,797954.4911,9729074.005,17.8,8.78,4.48,False,O,P13,15.89
TAC_A01,58,Ximenia americana,Olacaceae,797949.3051,9729066.229,17.7,9.34,4.3,False,O,P13,15.83
TAC_A01,59,Ximenia americana,Olacaceae,797949.214,9729066.276,17.5,6.96,2.2,False,O,P13,15.71
TAC_A01,60,Myrciaria floribunda,Myrtaceae,797948.2699,9729072.38,9.9,6.6,2.92,False,O,P13,10.55
TAC_A01,61,Myrciaria floribunda,Myrtaceae,797949.123,9729072.05,12.4,7.9,2.81,False,O,P13,12.39
TAC_A01,62,Euterpe oleracea,Arecaceae,797961.9877,9729065.398,6.3,8.31,4.13,False,P,P13,7.54
TAC_A01,63,Euterpe oleracea,Arecaceae,797961.8096,9729065.489,8.5,8.98,4.87,False,P,P13,9.43
TAC_A01,64,Euterpe oleracea,Arecaceae,797961.9446,9729065.525,7.1,6.93,3.21,False,P,P13,8.25
TAC_A01,65,Euterpe oleracea,Arecaceae,797962.1227,9729065.435,10.0,8.59,3.93,False,P,P13,10.62
TAC_A01,66,Euterpe oleracea,Arecaceae,797962.3008,9729065.344,7.7,5.57,1.89,False,P,P13,8.77
TAC_A01,67,Euterpe oleracea,Arecaceae,797962.657,9729065.163,6.6,6.12,3.27,False,P,P13,7.81
TAC_A01,68,Euterpe oleracea,Arecaceae,797962.746,9729065.117,7.9,8.24,4.13,False,P,P13,8.94
TAC_A01,69,Euterpe oleracea,Arecaceae,797965.5953,9729063.667,7.2,5.75,2.56,False,P,P13,8.34
TAC_A01,70,Banara guianensis,Salicaceae,797964.4396,9729061.517,12.5,8.72,3.14,False,O,P13,12.46
TAC_A01,71,Banara guianensis,Salicaceae,797966.502,9729061.097,7.0,10.41,3.17,False,O,P13,8.17
TAC_A01,72,Euterpe oleracea,Arecaceae,797967.8212,9729062.535,7.6,6.81,2.6,False,P,P13,8.68
TAC_A01,73,Euterpe oleracea,Arecaceae,797967.9103,9729062.489,7.9,5.62,2.6,False,P,P13,8.94
TAC_A01,74,Euterpe oleracea,Arecaceae,797967.9993,9729062.444,6.9,6.44,3.42,False,P,P13,8.08
TAC_A01,75,Banara guianensis,Salicaceae,797966.9103,9729060.571,8.0,8.72,3.47,False,O,P13,9.02
TAC_A01,76,Banara guianensis,Salicaceae,797967.4497,9729060.296,8.0,8.11,3.59,False,O,P13,9.02
TAC_A01,77,Banara guianensis,Salicaceae,797967.4497,9729060.296,10.4,10.73,6.28,False,O,P13,10.93
TAC_A01,78,Banara guianensis,Salicaceae,797970.8954,9729060.865,9.7,9.68,6.27,False,O,P13,10.39
TAC_A01,79,Banara guianensis,Salicaceae,797972.766,9729059.912,11.1,8.85,4.04,False,O,P13,11.45
TAC_A01,80,Banara guianensis,Salicaceae,797972.8551,9729059.867,8.1,5.98,3.14,False,O,P13,9.1
TAC_A01,81,Banara guianensis,Salicaceae,797974.3694,9729059.096,7.6,9.48,4.98,False,O,P13,8.68
TAC_A01,82,Euterpe oleracea,Arecaceae,797974.3694,9729059.096,5.9,7.06,2.21,False,P,P13,7.18
TAC_A01,83,Euterpe oleracea,Arecaceae,797949.893,9729074.462,6.1,6.98,2.98,False,P,P13,7.36
TAC_A01,84,Euterpe oleracea,Arecaceae,797949.9446,9729074.539,7.1,8.82,3.9,False,P,P13,8.25
TAC_A01,85,Euterpe oleracea,Arecaceae,797950.524,9729074.349,6.8,8.03,3.5,False,P,P13,7.99
TAC_A01,86,Euterpe oleracea,Arecaceae,797950.5606,9729074.227,7.7,7.51,4.57,False,P,P13,8.77
TAC_A01,87,Euterpe oleracea,Arecaceae,797950.5606,9729074.227,6.6,4.78,2.02,False,P,P13,7.81
TAC_A01,88,Euterpe oleracea,Arecaceae,797949.2768,9729074.774,5.9,6.11,1.75,False,P,P13,7.18
TAC_A01,89,Euterpe oleracea,Arecaceae,797950.0691,9729074.372,5.7,3.85,2.04,False,P,P13,6.99
TAC_A01,90,Ximenia americana,Olacaceae,797953.2382,9729072.767,15.1,10.33,4.97,False,O,P13,14.21
TAC_A01,91,Ximenia americana,Olacaceae,797953.3263,9729072.723,19.9,9.45,4.31,False,O,P13,17.11
TAC_A01,92,Euterpe oleracea,Arecaceae,797957.4242,9729070.751,10.6,4.19,2.37,False,P,P13,11.08
TAC_A01,93,Banara guianensis,Salicaceae,797978.3596,9729067.673,8.6,7.03,4.49,False,O,P13,9.52
TAC_A01,94,Banara guianensis,Salicaceae,797978.3596,9729067.673,8.0,6.6,4.46,False,O,P13,9.02
TAC_A01,95,Banara guianensis,Salicaceae,797978.2743,9729067.716,13.7,10.89,2.48,False,O,P13,13.29
TAC_A01,96,Ximenia americana,Olacaceae,797974.7326,9729069.381,15.3,10.23,5.07,False,O,P13,14.34
TAC_A01,97,Euterpe oleracea,Arecaceae,797974.6472,9729069.424,8.8,7.81,4.58,False,P,P13,9.68
TAC_A01,98,Euterpe oleracea,Arecaceae,797974.5618,9729069.467,7.5,7.25,4.29,False,P,P13,8.6
TAC_A01,99,Euterpe oleracea,Arecaceae,797974.4765,9729069.509,7.6,6.94,3.26,False,P,P13,8.68
TAC_A01,100,Euterpe oleracea,Arecaceae,797974.3911,9729069.552,6.5,8.73,4.93,False,P,P13,7.72
TAC_A01,101,Euterpe oleracea,Arecaceae,797974.3486,9729069.468,10.0,9.09,6.02,False,P,P13,10.62
TAC_A01,102,Euterpe oleracea,Arecaceae,797974.3057,9729069.595,7.3,6.82,4.11,False,P,P13,8.43
TAC_A01,103,Euterpe oleracea,Arecaceae,797974.4336,9729069.636,6.8,7.2,4.58,False,P,P13,7.99
TAC_A01,104,Euterpe oleracea,Arecaceae,797974.6043,9729069.551,7.8,8.66,2.9,False,P,P13,8.85
TAC_A01,105,Euterpe oleracea,Arecaceae,797974.0068,9729069.849,7.1,6.76,2.2,False,P,P13,8.25
TAC_A01,106,Cecropia ficifolia,Urticaceae,797973.4947,9729070.105,18.3,10.01,8.12,False,O,P13,16.19
TAC_A01,107,Euterpe oleracea,Arecaceae,797956.9371,9729078.383,6.4,5.93,2.18,False,P,P13,7.64
TAC_A01,108,Euterpe oleracea,Arecaceae,797956.8517,9729078.426,7.2,6.25,2.58,False,P,P13,8.34
TAC_A01,109,Euterpe oleracea,Arecaceae,797956.8517,9729078.426,5.7,5.52,2.01,False,P,P13,6.99
TAC_A01,110,Euterpe oleracea,Arecaceae,797956.8517,9729078.426,6.0,4.46,1.2,False,P,P13,7.27
TAC_A01,111,Euterpe oleracea,Arecaceae,797957.5024,9729082.552,6.6,6.35,2.01,False,P,P13,7.81
TAC_A01,112,Euterpe oleracea,Arecaceae,797957.4186,9729082.594,6.6,6.63,1.97,False,P,P13,7.81
TAC_A01,113,Euterpe oleracea,Arecaceae,797957.3349,9729082.635,6.4,4.52,2.12,False,P,P13,7.64
TAC_A01,114,Euterpe oleracea,Arecaceae,797957.5024,9729082.552,6.9,6.95,2.23,False,P,P13,8.08
TAC_A01,115,Euterpe oleracea,Arecaceae,797963.3646,9729079.646,7.2,5.71,2.47,False,P,P13,8.34
TAC_A01,116,Euterpe oleracea,Arecaceae,797963.1843,9729079.528,8.3,7.51,4.1,False,P,P13,9.27
TAC_A01,117,Euterpe oleracea,Arecaceae,797963.1488,9729079.649,8.4,5.59,2.44,False,P,P13,9.35
TAC_A01,1,Euterpe oleracea,Arecaceae,797885.5829,9729472.986,6.5,7.12,3.31,False,P,P14,7.72
TAC_A01,2,Ximenia americana,Olacaceae,797885.4955,9729473.035,13.2,6.95,3.71,False,O,P14,12.95
TAC_A01,3,Ximenia americana,Olacaceae,797885.4772,9729473.174,13.0,7.0,4.87,False,O,P14,12.81
TAC_A01,4,Ximenia americana,Olacaceae,797884.7963,9729473.432,20.9,10.74,3.44,False,O,P14,17.67
TAC_A01,5,Ximenia americana,Olacaceae,797884.8899,9729474.524,19.4,13.48,5.47,False,O,P14,16.83
TAC_A01,6,Ximenia americana,Olacaceae,797884.0516,9729474.742,14.4,8.34,2.96,False,O,P14,13.76
TAC_A01,7,Ximenia americana,Olacaceae,797883.808,9729474.753,12.8,8.53,4.86,False,O,P14,12.67
TAC_A01,8,Ximenia americana,Olacaceae,797882.4744,9729475.63,13.2,11.76,6.34,False,O,P14,12.95
TAC_A01,9,Ximenia americana,Olacaceae,797881.5707,9729475.763,16.4,11.42,5.73,False,O,P14,15.04
TAC_A01,10,Ximenia americana,Olacaceae,797880.5001,9729476.492,16.9,13.05,5.91,False,O,P14,15.35
TAC_A01,11,Ximenia americana,Olacaceae,797880.5672,9729476.579,10.0,11.4,3.92,False,O,P14,10.62
TAC_A01,12,Euterpe oleracea,Arecaceae,797880.2425,9729477.133,8.1,11.42,5.06,False,P,P14,9.1
TAC_A01,13,Ximenia americana,Olacaceae,797879.9794,9729477.28,6.8,10.52,3.91,False,O,P14,7.99
TAC_A01,14,Ximenia americana,Olacaceae,797879.4952,9729477.306,7.1,10.19,3.91,False,O,P14,8.25
TAC_A01,15,Ximenia americana,Olacaceae,797879.562,9729477.391,7.2,8.11,3.91,False,O,P14,8.34
TAC_A01,16,Ximenia americana,Olacaceae,797873.5641,9729480.046,14.7,8.92,3.94,False,O,P14,13.95
TAC_A01,17,Ximenia americana,Olacaceae,797873.6288,9729480.129,17.6,10.5,5.05,False,O,P14,15.77
TAC_A01,18,Ximenia americana,Olacaceae,797873.4538,9729480.228,15.6,11.66,4.42,False,O,P14,14.54
TAC_A01,19,Ximenia americana,Olacaceae,797873.3663,9729480.278,15.8,9.61,5.33,False,O,P14,14.66
TAC_A01,20,Ximenia americana,Olacaceae,797873.2788,9729480.327,7.1,4.4,2.82,False,O,P14,8.25
TAC_A01,21,Ximenia americana,Olacaceae,797870.2646,9729481.797,7.1,4.0,1.71,False,O,P14,8.25
TAC_A01,22,Ximenia americana,Olacaceae,797870.1772,9729481.847,17.8,11.05,4.69,False,O,P14,15.89
TAC_A01,23,Ximenia americana,Olacaceae,797870.4156,9729481.829,11.0,9.44,4.69,False,O,P14,11.38
TAC_A01,24,Ximenia americana,Olacaceae,797870.0657,9729482.027,12.4,10.45,1.73,False,O,P14,12.39
TAC_A01,25,Ximenia americana,Olacaceae,797868.4171,9729483.307,11.4,4.58,2.55,False,O,P14,11.67
TAC_A01,26,Ximenia americana,Olacaceae,797868.3046,9729483.486,18.9,13.05,5.7,False,O,P14,16.54
TAC_A01,27,Ximenia americana,Olacaceae,797867.8542,9729483.394,9.6,9.56,2.51,False,O,P14,10.31
TAC_A01,28,Ximenia americana,Olacaceae,797868.1788,9729484.133,10.9,12.15,4.37,False,O,P14,11.3
TAC_A01,29,Euterpe oleracea,Arecaceae,797866.4178,9729483.978,6.5,8.16,2.8,False,P,P14,7.72
TAC_A01,30,Euterpe oleracea,Arecaceae,797866.3304,9729484.027,7.6,9.82,3.37,False,P,P14,8.68
TAC_A01,31,Euterpe oleracea,Arecaceae,797866.2429,9729484.077,6.1,7.05,2.61,False,P,P14,7.36
TAC_A01,32,Euterpe oleracea,Arecaceae,797863.7337,9729491.674,7.7,8.9,3.4,False,P,P14,8.77
TAC_A01,33,Euterpe oleracea,Arecaceae,797864.12,9729491.362,6.4,7.59,3.09,False,P,P14,7.64
TAC_A01,34,Euterpe oleracea,Arecaceae,797864.5369,9729491.25,6.2,7.23,2.04,False,P,P14,7.45
TAC_A01,35,Euterpe oleracea,Arecaceae,797864.2692,9729491.392,6.2,8.7,4.03,False,P,P14,7.45
TAC_A01,36,Ximenia americana,Olacaceae,797865.6365,9729490.56,16.4,9.43,3.74,False,O,P14,15.04
TAC_A01,37,Ximenia americana,Olacaceae,797865.7544,9729490.389,21.7,13.59,4.59,False,O,P14,18.1
TAC_A01,38,Ximenia americana,Olacaceae,797866.2325,9729490.355,18.0,14.26,6.83,False,O,P14,16.01
TAC_A01,39,Ximenia americana,Olacaceae,797865.6078,9729490.685,22.0,12.23,5.15,False,O,P14,18.26
TAC_A01,40,Ximenia americana,Olacaceae,797867.7775,9729489.428,10.6,8.33,4.18,False,O,P14,11.08
TAC_A01,41,Ximenia americana,Olacaceae,797876.3416,9729484.901,9.6,6.06,3.14,False,O,P14,10.31
TAC_A01,42,Ximenia americana,Olacaceae,797870.6859,9729487.665,9.0,9.73,4.81,False,O,P14,9.84
TAC_A01,43,Ximenia americana,Olacaceae,797870.9533,9729487.523,7.6,6.73,3.51,False,O,P14,8.68
TAC_A01,44,Ximenia americana,Olacaceae,797871.4711,9729487.702,15.0,12.24,5.9,False,O,P14,14.15
TAC_A01,45,Ximenia americana,Olacaceae,797871.3818,9729487.749,15.4,10.6,4.48,False,O,P14,14.41
TAC_A01,46,Ximenia americana,Olacaceae,797873.5263,9729485.814,11.9,13.48,6.49,False,O,P14,12.03
TAC_A01,47,Ximenia americana,Olacaceae,797874.2262,9729485.904,8.1,7.72,2.25,False,O,P14,9.1
TAC_A01,48,Ximenia americana,Olacaceae,797874.4427,9729486.02,6.2,7.58,3.65,False,O,P14,7.45
TAC_A01,49,Ximenia americana,Olacaceae,797874.5319,9729485.973,10.7,9.2,3.75,False,O,P14,11.15
TAC_A01,50,Ximenia americana,Olacaceae,797876.4704,9729485.066,17.3,9.08,1.86,False,O,P14,15.59
TAC_A01,51,Cecropia ficifolia,Urticaceae,797876.7231,9729484.582,12.6,12.56,9.39,False,O,P14,12.53
TAC_A01,52,Cecropia ficifolia,Urticaceae,797876.5694,9729484.546,10.8,10.71,7.04,False,O,P14,11.23
TAC_A01,53,Cecropia ficifolia,Urticaceae,797876.594,9729484.416,11.7,8.48,5.92,False,O,P14,11.89
TAC_A01,54,Cecropia ficifolia,Urticaceae,797876.6185,9729484.286,11.8,8.86,7.07,False,O,P14,11.96
TAC_A01,55,Euterpe oleracea,Arecaceae,797876.6831,9729484.369,10.8,9.02,6.16,False,P,P14,11.23
TAC_A01,56,Euterpe oleracea,Arecaceae,797877.7446,9729484.276,7.2,9.42,4.4,False,P,P14,8.34
TAC_A01,57,Euterpe oleracea,Arecaceae,797877.8339,9729484.229,6.0,7.98,4.27,False,P,P14,7.27
TAC_A01,58,Euterpe oleracea,Arecaceae,797877.9881,9729484.265,6.7,8.9,3.77,False,P,P14,7.9
TAC_A01,59,Euterpe oleracea,Arecaceae,797878.1016,9729484.088,7.3,11.07,5.92,False,P,P14,8.43
TAC_A01,60,Euterpe oleracea,Arecaceae,797878.1016,9729484.088,6.6,8.04,4.3,False,P,P14,7.81
TAC_A01,61,Ximenia americana,Olacaceae,797882.1175,9729481.967,17.9,12.05,3.2,False,O,P14,15.95
TAC_A01,62,Ximenia americana,Olacaceae,797882.7647,9729481.505,14.2,11.59,6.34,False,O,P14,13.62
TAC_A01,63,Ximenia americana,Olacaceae,797882.9206,9729481.543,16.6,8.93,3.65,False,O,P14,15.16
TAC_A01,64,Ximenia americana,Olacaceae,797885.0624,9729480.412,21.5,9.55,4.27,False,O,P14,17.99
TAC_A01,65,Ximenia americana,Olacaceae,797885.1517,9729480.365,22.2,12.44,4.62,False,O,P14,18.37
TAC_A01,66,Ximenia americana,Olacaceae,797885.5979,9729480.13,10.1,6.54,1.86,False,O,P14,10.7
TAC_A01,67,Euterpe oleracea,Arecaceae,797887.8289,9729478.952,5.6,6.73,1.89,False,P,P14,6.9
TAC_A01,68,Euterpe oleracea,Arecaceae,797883.2781,9729486.367,7.2,6.67,2.53,False,P,P14,8.34
TAC_A01,69,Euterpe oleracea,Arecaceae,797883.1875,9729486.412,7.2,7.96,3.14,False,P,P14,8.34
TAC_A01,70,Euterpe oleracea,Arecaceae,797874.671,9729490.67,10.0,9.88,4.92,False,P,P14,10.62
TAC_A01,71,Ximenia americana,Olacaceae,797874.3992,9729490.806,16.7,11.77,2.8,False,O,P14,15.22
TAC_A01,72,Ximenia americana,Olacaceae,797874.5246,9729490.966,15.2,8.41,2.97,False,O,P14,14.28
TAC_A01,73,Ximenia americana,Olacaceae,797874.1338,9729491.272,20.6,12.04,7.0,False,O,P14,17.5
TAC_A01,74,Ximenia americana,Olacaceae,797874.0368,9729490.987,15.0,13.0,6.35,False,O,P14,14.15
TAC_A01,75,Ximenia americana,Olacaceae,797874.3778,9729491.262,18.0,11.07,5.39,False,O,P14,16.01
TAC_A01,76,Ximenia americana,Olacaceae,797868.8131,9729494.137,10.8,6.92,3.3,False,O,P14,11.23
TAC_A01,77,Ximenia americana,Olacaceae,797869.4485,9729493.822,14.0,12.92,5.05,False,O,P14,13.49
TAC_A01,78,Ximenia americana,Olacaceae,797868.9039,9729494.092,20.1,11.41,4.53,False,O,P14,17.22
TAC_A01,79,Ximenia americana,Olacaceae,797868.2989,9729494.285,10.1,5.86,3.3,False,O,P14,10.7
TAC_A01,80,Ximenia americana,Olacaceae,797867.724,9729494.678,6.5,3.56,2.16,False,O,P14,7.72
TAC_A01,81,Euterpe oleracea,Arecaceae,797868.779,9729498.601,8.0,6.65,2.28,False,P,P14,9.02
TAC_A01,82,Euterpe oleracea,Arecaceae,797868.6869,9729498.645,9.2,9.19,4.57,False,P,P14,10.0
TAC_A01,83,Euterpe oleracea,Arecaceae,797868.5948,9729498.688,9.0,9.84,3.83,False,P,P14,9.84
TAC_A01,84,Euterpe oleracea,Arecaceae,797868.4431,9729498.655,9.7,8.56,4.33,False,P,P14,10.39
TAC_A01,85,Ximenia americana,Olacaceae,797868.9956,9729498.395,9.2,7.57,2.53,False,O,P14,10.0
TAC_A01,86,Euterpe oleracea,Arecaceae,797877.4386,9729494.536,6.6,8.15,2.98,False,P,P14,7.81
TAC_A01,87,Euterpe oleracea,Arecaceae,797877.468,9729494.413,8.5,9.76,4.96,False,P,P14,9.43
TAC_A01,88,Euterpe oleracea,Arecaceae,797877.6229,9729494.45,5.3,7.01,2.78,False,P,P14,6.62
TAC_A01,89,Euterpe oleracea,Arecaceae,797877.715,9729494.407,7.8,9.52,4.34,False,P,P14,8.85
TAC_A01,90,Ximenia americana,Olacaceae,797881.7684,9729492.504,18.1,12.2,5.27,False,O,P14,16.07
TAC_A01,91,Ximenia americana,Olacaceae,797882.0813,9729492.582,17.4,9.81,4.35,False,O,P14,15.65
TAC_A01,92,Ximenia americana,Olacaceae,797889.7329,9729489.0,7.1,10.98,4.48,False,O,P14,8.25
TAC_A01,93,Ximenia americana,Olacaceae,797889.9173,9729488.914,20.1,11.99,7.03,False,O,P14,17.22
TAC_A01,94,Ximenia americana,Olacaceae,797889.7329,9729489.0,10.4,4.13,0.22,False,O,P14,10.93
TAC_A01,95,Ximenia americana,Olacaceae,797890.3782,9729488.698,19.9,14.03,4.74,False,O,P14,17.11
TAC_A01,96,Ximenia americana,Olacaceae,797891.2079,9729488.31,18.9,11.89,5.09,False,O,P14,16.54
TAC_A01,97,Ximenia americana,Olacaceae,797899.6898,9729491.133,24.2,13.19,5.45,False,O,P14,19.4
TAC_A01,98,Euterpe oleracea,Arecaceae,797888.1276,9729496.142,5.8,8.58,3.49,False,P,P14,7.09
TAC_A01,99,Ximenia americana,Olacaceae,797886.8116,9729496.712,17.9,13.16,4.44,False,O,P14,15.95
TAC_A01,100,Ximenia americana,Olacaceae,797886.5296,9729496.834,13.7,12.94,4.17,False,O,P14,13.29
TAC_A01,101,Ximenia americana,Olacaceae,797886.3416,9729496.916,7.2,9.85,5.4,False,O,P14,8.34
TAC_A01,102,Ximenia americana,Olacaceae,797885.9707,9729497.408,8.7,6.93,4.62,False,O,P14,9.6
TAC_A01,103,Ximenia americana,Olacaceae,797885.6836,9729497.201,10.8,7.25,3.07,False,O,P14,11.23
TAC_A01,104,Ximenia americana,Olacaceae,797885.4956,9729497.282,9.6,6.1,3.66,False,O,P14,10.31
TAC_A01,105,Ximenia americana,Olacaceae,797885.3076,9729497.364,15.8,13.91,4.64,False,O,P14,14.66
TAC_A01,106,Ximenia americana,Olacaceae,797885.0897,9729497.568,19.7,12.94,5.91,False,O,P14,17.0
TAC_A01,107,Ximenia americana,Olacaceae,797884.9957,9729497.609,6.1,4.43,2.29,False,O,P14,7.36
TAC_A01,108,Ximenia americana,Olacaceae,797884.9016,9729497.649,16.9,11.66,4.89,False,O,P14,15.35
TAC_A01,109,Ximenia americana,Olacaceae,797883.115,9729498.422,7.0,5.01,3.95,False,O,P14,8.17
TAC_A01,110,Ximenia americana,Olacaceae,797883.021,9729498.463,5.1,5.46,2.93,False,O,P14,6.43
TAC_A01,111,Ximenia americana,Olacaceae,797881.2343,9729499.236,21.2,11.07,5.39,False,O,P14,17.83
TAC_A01,112,Ximenia americana,Olacaceae,797881.0149,9729499.438,7.0,3.84,3.35,False,O,P14,8.17
TAC_A01,113,Euterpe oleracea,Arecaceae,797875.7804,9729501.595,7.1,9.5,5.47,False,P,P14,8.25
TAC_A01,114,Euterpe oleracea,Arecaceae,797875.6864,9729501.636,7.9,9.88,4.63,False,P,P14,8.94
TAC_A01,115,Euterpe oleracea,Arecaceae,797875.7473,9729501.713,7.0,9.38,4.23,False,P,P14,8.17
TAC_A01,116,Euterpe oleracea,Arecaceae,797875.5924,9729501.676,6.6,9.17,4.47,False,P,P14,7.81
TAC_A01,117,Euterpe oleracea,Arecaceae,797875.4983,9729501.717,9.1,9.95,5.11,False,P,P14,9.92
TAC_A01,118,Euterpe oleracea,Arecaceae,797875.5258,9729501.913,8.4,7.43,2.83,False,P,P14,9.35
TAC_A01,119,Euterpe oleracea,Arecaceae,797875.4043,9729501.758,5.2,5.55,2.18,False,P,P14,6.52
TAC_A01,120,Euterpe oleracea,Arecaceae,797874.652,9729502.083,6.0,7.38,2.81,False,P,P14,7.27
TAC_A01,121,Euterpe oleracea,Arecaceae,797875.4043,9729501.758,5.3,4.68,2.2,False,P,P14,6.62
TAC_A01,122,Euterpe oleracea,Arecaceae,797875.5591,9729501.795,5.9,7.56,3.26,False,P,P14,7.18
TAC_A01,123,Euterpe oleracea,Arecaceae,797873.0535,9729502.774,7.0,8.55,5.01,False,P,P14,8.17
TAC_A01,124,Euterpe oleracea,Arecaceae,797872.9594,9729502.815,6.2,8.3,4.1,False,P,P14,7.45
TAC_A01,125,Ximenia americana,Olacaceae,797873.0535,9729502.774,24.5,10.21,4.97,False,O,P14,19.55
TAC_A01,126,Euterpe oleracea,Arecaceae,797873.0193,9729502.892,8.0,9.69,4.84,False,P,P14,9.02
TAC_A01,127,Euterpe oleracea,Arecaceae,797872.549,9729503.095,5.9,9.46,3.86,False,P,P14,7.18
TAC_A01,128,Euterpe oleracea,Arecaceae,797872.455,9729503.136,6.6,7.85,3.54,False,P,P14,7.81
TAC_A01,129,Euterpe oleracea,Arecaceae,797872.4206,9729503.252,7.4,7.25,4.64,False,P,P14,8.51
TAC_A01,130,Zanthoxylum rhoifolium,Rutaceae,797877.361,9729502.168,8.8,9.01,4.64,False,O,P14,9.68
TAC_A01,131,Myrciaria floribunda,Myrtaceae,797874.7853,9729503.058,7.9,7.26,2.92,False,O,P14,8.94
TAC_A01,132,Myrciaria floribunda,Myrtaceae,797880.3556,9729504.872,7.3,5.95,3.41,False,O,P14,8.43
TAC_A01,133,Myrciaria floribunda,Myrtaceae,797880.26,9729504.91,6.1,4.83,3.71,False,O,P14,7.36
TAC_A01,134,Euterpe oleracea,Arecaceae,797884.5209,9729504.249,7.1,6.96,3.69,False,P,P14,8.25
TAC_A01,135,Euterpe oleracea,Arecaceae,797884.6168,9729504.211,35.4,8.8,6.01,False,P,P14,24.36
TAC_A01,136,Euterpe oleracea,Arecaceae,797884.5209,9729504.249,7.6,7.38,3.01,False,P,P14,8.68
TAC_A01,137,Euterpe oleracea,Arecaceae,797884.6168,9729504.211,7.7,9.45,4.73,False,P,P14,8.77
TAC_A01,138,Euterpe oleracea,Arecaceae,797884.7755,9729504.253,6.7,8.91,3.94,False,P,P14,7.9
TAC_A01,139,Euterpe oleracea,Arecaceae,797885.0967,9729504.02,6.5,6.82,2.31,False,P,P14,7.72
TAC_A01,140,Ximenia americana,Olacaceae,797888.6798,9729502.492,20.1,13.1,5.91,False,O,P14,17.22
TAC_A01,141,Ximenia americana,Olacaceae,797888.8716,9729502.416,13.5,12.5,7.94,False,O,P14,13.15
TAC_A01,142,Ximenia americana,Olacaceae,797888.8716,9729502.416,21.1,13.34,6.61,False,O,P14,17.78
TAC_A01,143,Ximenia americana,Olacaceae,797885.1837,9729497.527,13.4,6.92,4.23,False,O,P14,13.08
TAC_A01,144,Ximenia americana,Olacaceae,797886.5002,9729496.958,16.4,10.48,5.4,False,O,P14,15.04
TAC_A01,145,Myrciaria floribunda,Myrtaceae,797886.7176,9729496.753,6.7,5.77,3.88,False,O,P14,7.9
TAC_A01,146,Ximenia americana,Olacaceae,797888.1928,9729496.226,11.4,8.26,5.58,False,O,P14,11.67
TAC_A01,147,Euterpe oleracea,Arecaceae,797893.3646,9729493.988,8.0,9.42,5.72,False,P,P14,9.02
TAC_A01,148,Euterpe oleracea,Arecaceae,797893.4587,9729493.948,6.6,7.38,5.21,False,P,P14,7.81
TAC_A01,149,Ximenia americana,Olacaceae,797894.2109,9729493.622,21.0,12.25,6.87,False,O,P14,17.72
TAC_A01,150,Ximenia americana,Olacaceae,797894.305,9729493.582,18.3,11.49,4.79,False,O,P14,16.19
TAC_A01,151,Ximenia americana,Olacaceae,797894.5871,9729493.46,16.8,9.01,3.48,False,O,P14,15.29
TAC_A01,152,Ximenia americana,Olacaceae,797894.6544,9729493.546,21.4,9.12,4.07,False,O,P14,17.94
TAC_A01,153,Ximenia americana,Olacaceae,797897.22,9729492.321,19.3,11.47,4.69,False,O,P14,16.77
TAC_A01,154,Ximenia americana,Olacaceae,797897.4081,9729492.239,17.7,12.32,7.37,False,O,P14,15.83
TAC_A01,155,Ximenia americana,Olacaceae,797898.5365,9729491.751,18.8,9.61,4.65,False,O,P14,16.48
TAC_A01,156,Euterpe oleracea,Arecaceae,797899.7589,9729491.222,6.1,6.58,3.32,False,P,P14,7.36
TAC_A01,157,Euterpe oleracea,Arecaceae,797899.8281,9729491.311,5.0,5.2,2.67,False,P,P14,6.33
TAC_A01,158,Euterpe oleracea,Arecaceae,797899.6898,9729491.133,8.7,8.07,4.84,False,P,P14,9.6
TAC_A01,1,Swietenia macrophylla ,Meliaceae,797623.0542,9728920.768,10.3,3.91,2.76,False,O,P16,10.85
TAC_A01,2,Theobroma glaucum,Malvaceae,797618.4813,9728922.828,13.5,4.25,1.28,False,O,P16,13.15
TAC_A01,3,Theobroma glaucum,Malvaceae,797613.9998,9728924.848,8.4,4.25,1.66,False,O,P16,9.35
TAC_A01,4,Swietenia macrophylla ,Meliaceae,797609.5184,9728926.867,20.1,9.86,4.15,False,O,P16,17.22
TAC_A01,5,Theobroma glaucum,Malvaceae,797604.8027,9728929.095,11.2,3.64,1.56,False,O,P16,11.53
TAC_A01,6,Theobroma glaucum,Malvaceae,797600.5038,9728931.032,13.0,3.42,0.98,False,O,P16,12.81
TAC_A01,7,Swietenia macrophylla ,Meliaceae,797595.9305,9728933.093,23.2,11.06,2.96,False,O,P16,18.89
TAC_A01,8,Theobroma glaucum,Malvaceae,797597.3088,9728936.066,13.2,3.68,0.79,False,O,P16,12.95
TAC_A01,9,Theobroma glaucum,Malvaceae,797601.9744,9728934.162,7.1,2.4,0.73,False,O,P16,8.25
TAC_A01,10,Theobroma glaucum,Malvaceae,797606.4695,9728932.129,6.6,2.16,1.44,False,O,P16,7.81
TAC_A01,11,Theobroma glaucum,Malvaceae,797610.873,9728930.137,10.9,2.64,0.33,False,O,P16,11.3
TAC_A01,12,Theobroma glaucum,Malvaceae,797610.8325,9728930.053,6.3,3.18,3.0,False,O,P16,7.54
TAC_A01,13,Theobroma glaucum,Malvaceae,797615.4598,9728928.062,12.8,4.36,1.4,False,O,P16,12.67
TAC_A01,14,Theobroma glaucum,Malvaceae,797620.0467,9728925.988,11.6,4.22,1.53,False,O,P16,11.82
TAC_A01,15,Theobroma glaucum,Malvaceae,797624.6336,9728923.913,8.5,1.82,1.0,False,O,P16,9.43
TAC_A01,16,Theobroma glaucum,Malvaceae,797621.777,9728929.48,10.7,3.53,1.41,False,O,P16,11.15
TAC_A01,17,Theobroma glaucum,Malvaceae,797616.9906,9728931.653,5.9,2.14,0.9,False,O,P16,7.18
TAC_A01,18,Theobroma glaucum,Malvaceae,797612.5723,9728933.66,12.2,3.13,1.26,False,O,P16,12.25
TAC_A01,19,Theobroma glaucum,Malvaceae,797608.01,9728935.834,9.9,4.07,1.99,False,O,P16,10.55
TAC_A01,20,Theobroma glaucum,Malvaceae,797603.3676,9728937.84,13.9,4.08,1.52,False,O,P16,13.42
TAC_A01,22,Theobroma glaucum,Malvaceae,797600.2214,9728943.073,6.0,4.6,1.85,False,O,P16,7.27
TAC_A01,23,Tabebuia chrysotricha,,797604.8374,9728940.97,9.5,2.97,1.27,False,O,P16,10.23
TAC_A01,24,Theobroma glaucum,Malvaceae,797609.044,9728938.95,9.1,3.5,1.16,False,O,P16,9.92
TAC_A01,25,Theobroma glaucum,Malvaceae,797613.7924,9728936.889,6.5,3.18,2.2,False,O,P16,7.72
TAC_A01,26,Theobroma glaucum,Malvaceae,797618.4083,9728934.786,9.6,2.8,0.64,False,O,P16,10.31
TAC_A01,27,Theobroma glaucum,Malvaceae,797623.3013,9728932.556,5.0,2.09,0.87,False,O,P16,6.33
TAC_A01,30,Theobroma glaucum,Malvaceae,797625.2682,9728935.837,6.2,1.86,0.81,False,O,P16,7.45
TAC_A01,31,Theobroma glaucum,Malvaceae,797620.3593,9728938.083,15.5,4.2,1.72,False,O,P16,14.47
TAC_A01,32,Theobroma glaucum,Malvaceae,797611.2824,9728942.235,6.4,2.31,0.94,False,O,P16,7.64
TAC_A01,33,Theobroma glaucum,Malvaceae,797606.6514,9728944.354,10.5,4.16,1.63,False,O,P16,11.0
TAC_A01,34,Theobroma glaucum,Malvaceae,797601.8351,9728946.557,8.9,1.5,0.81,False,O,P16,9.76
TAC_A01,35,Theobroma glaucum,Malvaceae,797603.477,9728949.616,7.2,3.26,1.47,False,O,P16,8.34
TAC_A01,36,Theobroma glaucum,Malvaceae,797607.9359,9728947.569,11.4,4.04,1.68,False,O,P16,11.67
TAC_A01,37,Theobroma glaucum,Malvaceae,797612.5806,9728945.437,9.5,2.91,1.53,False,O,P16,10.23
TAC_A01,38,Theobroma glaucum,Malvaceae,797616.9466,9728943.433,10.6,3.52,1.73,False,O,P16,11.08
TAC_A01,39,Theobroma glaucum,Malvaceae,797626.4217,9728939.083,10.1,3.12,1.3,False,O,P16,10.7
TAC_A01,40,Theobroma glaucum,Malvaceae,797631.1593,9728936.909,9.5,2.61,0.69,False,O,P16,10.23
TAC_A01,41,Theobroma glaucum,Malvaceae,797628.2664,9728942.114,8.3,2.71,0.64,False,O,P16,9.27
TAC_A01,42,Theobroma glaucum,Malvaceae,797623.4622,9728944.429,10.3,2.68,1.73,False,O,P16,10.85
TAC_A01,43,Theobroma glaucum,Malvaceae,797619.0423,9728946.363,5.0,3.45,2.36,False,O,P16,6.33
TAC_A01,44,Theobroma glaucum,Malvaceae,797614.3836,9728948.509,6.3,2.67,0.89,False,O,P16,7.54
TAC_A01,45,Theobroma glaucum,Malvaceae,797609.6318,9728950.698,10.5,2.73,1.66,False,O,P16,11.0
TAC_A01,46,Theobroma glaucum,Malvaceae,797605.2526,9728952.715,23.6,11.85,3.63,False,O,P16,19.1
TAC_A01,48,Theobroma glaucum,Malvaceae,797611.0344,9728954.168,10.5,3.02,1.43,False,O,P16,11.0
TAC_A01,49,Theobroma glaucum,Malvaceae,797615.8947,9728951.921,6.1,0.83,0.95,False,O,P16,7.36
TAC_A01,50,Swietenia macrophylla ,Meliaceae,797620.4746,9728949.804,10.4,3.51,1.11,False,O,P16,10.93
TAC_A01,51,Theobroma glaucum,Malvaceae,797625.0546,9728947.686,6.8,2.09,1.11,False,O,P16,7.99
